Workbook

Sheet Simple
A1: 017e2eb5-f076-4560-926c-2b59eed9b68f | B1: BPMN | C1: Confirm Coffee Preferences | D1: simple | E1: 18.19818 | F1: items,order | G1: true | H1: 16.633438 | I1: items,order | J1: false | K1: 13.622075 | L1: order | M1: false | N1: 28.204778 | O1: a1,a4,a7 | P1: true | Q1: 16.034109 | R1: No | S1: false | T1: CPEE | U1: Get Sun Data | V1: simple | W1: 89.795557 | X1: sunrise,sunset | Y1: false | Z1: 14.684785 | AA1: sunrise,sunset | AB1: false | AC1: 2.842104 | AD1: sunset | AE1: false | AF1: 2.435801 | AG1: a1,a2,a6 | AH1: false | AI1: 1.311049 | AJ1: Yes | AK1: true | AL1: Confirm Coffee Preferences | AM1: Get Sun Data | AN1: simple | AO1: 11.111347 | AP1: 2 | AQ1: 0 | AS1: =IF(AND(G1="true",J1="true",M1="true",P1="true",S1="true"),"true","false") -> false | AT1: =IF(AND(Y1="true",AB1="true",AE1="true",AH1="true",AK1="true"),"true","false") -> false
A2: 01f4a341-ea28-4399-a454-e817e931ace5 | B2: BPMN | C2: Get Sun Data | D2: simple | E2: 48.830044 | F2: sunrise,sunset | G2: false | H2: 21.877845 | I2: date | J2: true | K2: 11.49739 | L2: sunrise | M2: false | N2: 45.298577 | O2: a2,a5,a6 | P2: true | Q2: 103.6036 | R2: Yes | S2: false | T2: CPEE | U2: Confirm Coffee Preferences | V2: simple | W2: 27.210217 | Y2: false | Z2: 0.603523 | AB2: false | AC2: 0.538801 | AE2: false | AF2: 0.53049 | AH2: false | AI2: 1.407071 | AK2: false | AL2: Get Sun Data | AM2: Confirm Coffee Preferences | AN2: simple | AO2: 15.486164 | AS2: =IF(AND(G2="true",J2="true",M2="true",P2="true",S2="true"),"true","false") -> false | AT2: =IF(AND(Y2="true",AB2="true",AE2="true",AH2="true",AK2="true"),"true","false") -> false
A3: 034b22f4-ef21-405b-9772-5d5b7027bb0d | B3: BPMN | C3: Get Sun Data | D3: simple | E3: 78.290149 | F3: date,sunrise,sunset | G3: true | H3: 121.18928 | I3: date | J3: true | K3: 6.985788 | L3: sunrise,sunset | M3: true | N3: 48.513785 | O3: a2,a3,a5,a6 | P3: false | Q3: 47.606165 | R3: Yes | S3: false | T3: CPEE | U3: Confirm Coffee Preferences | V3: simple | W3: 111.01107 | X3: items,order | Y3: true | Z3: 18.17526 | AA3: order | AB3: true | AC3: 30.289332 | AD3: items,order | AE3: true | AF3: 41.362083 | AG3: a1,a4,a7 | AH3: true | AI3: 72.954892 | AJ3: Yes | AK3: false | AL3: Get Sun Data | AM3: Confirm Coffee Preferences | AN3: simple | AO3: 96.027494 | AP3: 0 | AQ3: 0 | AS3: =IF(AND(G3="true",J3="true",M3="true",P3="true",S3="true"),"true","false") -> false | AT3: =IF(AND(Y3="true",AB3="true",AE3="true",AH3="true",AK3="true"),"true","false") -> false
A4: 042ea4d3-a008-41ac-97dd-19a7f5dddedd | B4: BPMN | C4: Confirm Coffee Preferences | D4: simple | E4: 30.816763 | F4: emails,items,order | G4: false | H4: 19.803598 | I4: order | J4: true | K4: 6.380718 | L4: items,order | M4: true | N4: 20.029326 | O4: a1,a2,a4,a6,a7 | P4: false | Q4: 23.394127 | R4: No | S4: false | T4: CPEE | U4: Get Sun Data | V4: simple | W4: 20.229052 | X4: date,sunrise,sunset | Y4: true | Z4: 22.418518 | AA4: sunrise,sunset | AB4: false | AC4: 7.760213 | AD4: date | AE4: false | AF4: 25.688841 | AG4: a1,a2,a3,a4,a5,a6,a7,a8,a9 | AH4: false | AI4: 10.662069 | AJ4: Yes | AK4: true | AL4: Confirm Coffee Preferences | AM4: Get Sun Data | AN4: simple | AO4: 32.77256 | AP4: 0 | AQ4: 0 | AS4: =IF(AND(G4="true",J4="true",M4="true",P4="true",S4="true"),"true","false") -> false | AT4: =IF(AND(Y4="true",AB4="true",AE4="true",AH4="true",AK4="true"),"true","false") -> false
A5: 042fa867-804f-4712-a808-33c0a83be364 | B5: BPMN | C5: Confirm Coffee Preferences | D5: simple | E5: 54.115987 | F5: items,order | G5: true | H5: 17.465395 | I5: emails,items,refill | J5: false | K5: 24.712361 | L5: items,order | M5: true | N5: 29.20417 | O5: a1,a4,a7 | P5: true | Q5: 33.840706 | R5: No | S5: false | T5: CPEE | U5: Get Sun Data | V5: simple | W5: 104.2469 | X5: date,sunrise,sunset | Y5: true | Z5: 18.276466 | AA5: date | AB5: true | AC5: 11.92723 | AD5: sunrise,sunset | AE5: true | AF5: 48.012979 | AG5: a2,a3,a5,a6 | AH5: false | AI5: 8.318705 | AJ5: Yes | AK5: true | AL5: Confirm Coffee Preferences | AM5: Get Sun Data | AN5: simple | AO5: 28.826002 | AP5: 2 | AQ5: 0 | AS5: =IF(AND(G5="true",J5="true",M5="true",P5="true",S5="true"),"true","false") -> false | AT5: =IF(AND(Y5="true",AB5="true",AE5="true",AH5="true",AK5="true"),"true","false") -> false
A6: 04529132-49e2-4be8-9e17-b2afda1d83b2 | B6: BPMN | C6: Confirm Coffee Preferences | D6: simple | E6: 21.166265 | F6: items,order | G6: true | H6: 10.468402 | I6: items,order | J6: false | K6: 5.674582 | L6: order | M6: false | N6: 14.380275 | O6: a1,a4,a7 | P6: true | Q6: 19.96628 | R6: Yes | S6: false | T6: CPEE | U6: Get Sun Data | V6: simple | W6: 11.078657 | X6: hour,sunrise,sunset | Y6: false | Z6: 4.728545 | AA6: sunrise,sunset | AB6: false | AC6: 9.323602 | AD6: date | AE6: false | AF6: 9.716122 | AG6: a1,a3,a5,a7 | AH6: false | AI6: 13.177563 | AJ6: No | AK6: false | AL6: Confirm Coffee Preferences | AM6: Get Sun Data | AN6: simple | AO6: 31.004489 | AP6: 2 | AQ6: 0 | AR6: Diagramm did not load | AS6: =IF(AND(G6="true",J6="true",M6="true",P6="true",S6="true"),"true","false") -> false | AT6: =IF(AND(Y6="true",AB6="true",AE6="true",AH6="true",AK6="true"),"true","false") -> false
A7: 08de56d6-e9d8-4280-9779-f5fea9727ec0 | B7: BPMN | C7: Confirm Coffee Preferences | D7: simple | E7: 8.865678 | F7: order | G7: false | H7: 10.916101 | I7: order | J7: true | K7: 7.02223 | L7: items,order | M7: true | N7: 11.95172 | O7: a6,a7 | P7: false | Q7: 29.234533 | R7: No | S7: false | T7: CPEE | U7: Get Sun Data | V7: simple | W7: 14.080474 | X7: date,hour,sunrise,sunset | Y7: false | Z7: 9.473922 | AA7: date | AB7: true | AC7: 6.675165 | AD7: sunrise,sunset | AE7: true | AF7: 26.181035 | AG7: a2,a5,a6 | AH7: true | AI7: 6.086983 | AJ7: Yes | AK7: true | AL7: Confirm Coffee Preferences | AM7: Get Sun Data | AN7: simple | AO7: 14.595567 | AP7: -1 | AQ7: 1 | AS7: =IF(AND(G7="true",J7="true",M7="true",P7="true",S7="true"),"true","false") -> false | AT7: =IF(AND(Y7="true",AB7="true",AE7="true",AH7="true",AK7="true"),"true","false") -> false
A8: 0a0f4419-1682-47df-bf40-7214c90b09c0 | B8: BPMN | C8: Confirm Coffee Preferences | D8: simple | E8: 14.609313 | F8: items,order | G8: true | H8: 9.440073 | I8: items,order | J8: false | K8: 12.242627 | L8: items,order | M8: true | N8: 16.695539 | O8: a1,a4,a7 | P8: true | Q8: 18.89221 | R8: No | S8: false | T8: CPEE | U8: Get Sun Data | V8: simple | W8: 32.883826 | X8: date,sunrise,sunset | Y8: true | Z8: 9.476277 | AA8: sunrise,sunset | AB8: false | AC8: 4.030773 | AD8: date | AE8: false | AF8: 25.486955 | AG8: a2,a5,a6 | AH8: true | AI8: 18.122844 | AJ8: Yes | AK8: true | AL8: Confirm Coffee Preferences | AM8: Get Sun Data | AN8: simple | AO8: 12.825459 | AP8: 2 | AQ8: 1 | AS8: =IF(AND(G8="true",J8="true",M8="true",P8="true",S8="true"),"true","false") -> false | AT8: =IF(AND(Y8="true",AB8="true",AE8="true",AH8="true",AK8="true"),"true","false") -> false
A9: 0c0a1744-da50-4b2a-a32e-bdbcb293c127 | B9: BPMN | C9: Get Sun Data | D9: simple | E9: 10.755159 | F9: date,sunrise,sunset | G9: true | H9: 14.472332 | I9: date | J9: true | K9: 4.313003 | L9: sunrise,sunset | M9: true | N9: 22.63504 | O9: a2,a3,a5,a6 | P9: false | Q9: 31.26741 | R9: No | S9: false | T9: CPEE | U9: Confirm Coffee Preferences | V9: simple | W9: 32.987542 | X9: items,order | Y9: true | Z9: 11.036902 | AA9: items,order | AB9: false | AC9: 9.401149 | AD9: items,order | AE9: true | AF9: 32.33137 | AG9: a1,a4,a7 | AH9: true | AI9: 14.545325 | AJ9: Yes | AK9: false | AL9: Get Sun Data | AM9: Confirm Coffee Preferences | AN9: simple | AO9: 11.131242 | AP9: 1 | AQ9: 0 | AS9: =IF(AND(G9="true",J9="true",M9="true",P9="true",S9="true"),"true","false") -> false | AT9: =IF(AND(Y9="true",AB9="true",AE9="true",AH9="true",AK9="true"),"true","false") -> false
A10: 0dcaa55e-38ae-428e-a1c1-b378cb31a99c | B10: BPMN | C10: Get Sun Data | D10: simple | E10: 27.86635 | F10: date,sunrise,sunset | G10: true | H10: 33.803115 | I10: date | J10: true | K10: 4.508574 | L10: sunrise,sunset | M10: true | N10: 66.278391 | O10: a2,a3,a5,a6 | P10: false | Q10: 62.54033 | R10: Yes | S10: false | T10: CPEE | U10: Confirm Coffee Preferences | V10: simple | W10: 49.091361 | X10: emails,items,order,refill | Y10: false | Z10: 73.073432 | AA10: emails,refill | AB10: false | AC10: 0.334399 | AE10: false | AF10: 76.510411 | AG10: a1,a4,a7 | AH10: true | AI10: 6.921414 | AJ10: Yes | AK10: false | AL10: Get Sun Data | AM10: Confirm Coffee Preferences | AN10: simple | AO10: 16.060695 | AP10: 1 | AQ10: 1 | AS10: =IF(AND(G10="true",J10="true",M10="true",P10="true",S10="true"),"true","false") -> false | AT10: =IF(AND(Y10="true",AB10="true",AE10="true",AH10="true",AK10="true"),"true","false") -> false
A11: 0f0b0d0d-232b-4957-8db8-43cdb8f4c197 | B11: BPMN | C11: Confirm Coffee Preferences | D11: simple | E11: 27.15559 | F11: items,order | G11: true | H11: 10.825807 | I11: order | J11: true | K11: 11.250723 | L11: items,order | M11: true | N11: 30.462786 | O11: a1,a4,a7 | P11: true | Q11: 14.6125 | R11: No | S11: false | T11: CPEE | U11: Get Sun Data | V11: simple | W11: 42.062175 | X11: date,sunrise,sunset | Y11: true | Z11: 16.131163 | AA11: sunrise,sunset | AB11: false | AC11: 7.985978 | AD11: date | AE11: false | AF11: 49.327833 | AG11: a2,a5,a6 | AH11: true | AI11: 16.113462 | AJ11: Yes | AK11: true | AL11: Confirm Coffee Preferences | AM11: Get Sun Data | AN11: simple | AO11: 85.196854 | AP11: 1 | AQ11: 1 | AR11: No i don't | AS11: =IF(AND(G11="true",J11="true",M11="true",P11="true",S11="true"),"true","false") -> false | AT11: =IF(AND(Y11="true",AB11="true",AE11="true",AH11="true",AK11="true"),"true","false") -> false
A12: 11089388-175e-4194-972f-a9f835a1aad0 | B12: BPMN | C12: Confirm Coffee Preferences | D12: simple | E12: 18.159608 | F12: items,order | G12: true | H12: 18.669652 | I12: order | J12: true | K12: 13.298763 | L12: items,order | M12: true | N12: 38.773545 | O12: a1,a4,a7 | P12: true | Q12: 17.935423 | R12: No | S12: false | T12: CPEE | U12: Get Sun Data | V12: simple | W12: 16.917137 | X12: date,sunrise,sunset | Y12: true | Z12: 30.237329 | AA12: sunrise,sunset | AB12: false | AC12: 5.467975 | AD12: date | AE12: false | AF12: 30.02539 | AG12: a5,a6 | AH12: false | AI12: 15.100483 | AJ12: Yes | AK12: true | AL12: Confirm Coffee Preferences | AM12: Get Sun Data | AN12: simple | AO12: 55.10876 | AP12: 1 | AQ12: 1 | AS12: =IF(AND(G12="true",J12="true",M12="true",P12="true",S12="true"),"true","false") -> false | AT12: =IF(AND(Y12="true",AB12="true",AE12="true",AH12="true",AK12="true"),"true","false") -> false
A13: 12ed4e88-2347-4683-a8f3-1b192ff38aa9 | B13: BPMN | C13: Get Sun Data | D13: simple | E13: 16.123896 | F13: date,sunrise,sunset | G13: true | H13: 12.414197 | I13: date | J13: true | K13: 6.916093 | L13: sunrise,sunset | M13: true | N13: 33.789112 | O13: a5,a6 | P13: false | Q13: 16.228512 | R13: Yes | S13: false | T13: CPEE | U13: Confirm Coffee Preferences | V13: simple | W13: 28.160084 | X13: items | Y13: false | Z13: 28.492034 | AA13: order | AB13: true | AC13: 19.027993 | AD13: items | AE13: false | AF13: 20.605501 | AG13: a1 | AH13: false | AI13: 18.629612 | AJ13: Yes | AK13: false | AL13: Get Sun Data | AM13: Confirm Coffee Preferences | AN13: simple | AO13: 12.08933 | AP13: 0 | AQ13: 0 | AS13: =IF(AND(G13="true",J13="true",M13="true",P13="true",S13="true"),"true","false") -> false | AT13: =IF(AND(Y13="true",AB13="true",AE13="true",AH13="true",AK13="true"),"true","false") -> false
A14: 16d8b8fa-d529-4c81-986c-f92981d9b7cc | B14: BPMN | C14: Confirm Coffee Preferences | D14: simple | E14: 24.420656 | F14: items,order | G14: true | H14: 14.669546 | I14: order | J14: true | K14: 8.727071 | L14: items,order | M14: true | N14: 22.868123 | O14: a1 | P14: false | Q14: 32.682112 | R14: No | S14: false | T14: CPEE | U14: Get Sun Data | V14: simple | W14: 15.904146 | X14: date,sunrise,sunset | Y14: true | Z14: 33.974774 | AA14: date | AB14: true | AC14: 5.81821 | AD14: sunrise,sunset | AE14: true | AF14: 43.815933 | AG14: a2,a3,a5,a6 | AH14: false | AI14: 14.521968 | AJ14: Yes | AK14: true | AL14: Confirm Coffee Preferences | AM14: Get Sun Data | AN14: simple | AO14: 73.36014 | AP14: 2 | AQ14: 0 | AR14: I forgot which arrow represents writes and which reads. | AS14: =IF(AND(G14="true",J14="true",M14="true",P14="true",S14="true"),"true","false") -> false | AT14: =IF(AND(Y14="true",AB14="true",AE14="true",AH14="true",AK14="true"),"true","false") -> false
A15: 1765c273-7922-4e11-bd34-8935ee015fd5 | B15: BPMN | C15: Confirm Coffee Preferences | D15: simple | E15: 752.1742 | F15: items,order | G15: true | H15: 8.519093 | I15: order | J15: true | K15: 8.446703 | L15: items,order | M15: true | N15: 12.319297 | O15: a1,a4,a7 | P15: true | Q15: 7.754247 | R15: I cant be sure | S15: true | T15: CPEE | U15: Get Sun Data | V15: simple | W15: 10.846408 | X15: date,sunrise,sunset | Y15: true | Z15: 7.300833 | AA15: date | AB15: true | AC15: 8.135384 | AD15: sunrise,sunset | AE15: true | AF15: 23.103903 | AG15: a2,a5,a6 | AH15: true | AI15: 2.071143 | AJ15: Yes | AK15: true | AL15: Confirm Coffee Preferences | AM15: Get Sun Data | AN15: simple | AO15: 12.068401 | AP15: 1 | AQ15: 2 | AR15: Nope | AS15: =IF(AND(G15="true",J15="true",M15="true",P15="true",S15="true"),"true","false") -> true | AT15: =IF(AND(Y15="true",AB15="true",AE15="true",AH15="true",AK15="true"),"true","false") -> true
A16: 18104a50-6d19-4dbd-9f6a-70e4f4bf52c4 | B16: BPMN | C16: Confirm Coffee Preferences | D16: simple | E16: 22.329356 | F16: items,order | G16: true | H16: 12.68665 | I16: order | J16: true | K16: 7.051665 | L16: items,order | M16: true | N16: 18.998948 | O16: a1,a4,a7 | P16: true | Q16: 17.156473 | R16: Yes | S16: false | T16: CPEE | U16: Get Sun Data | V16: simple | W16: 25.950689 | X16: date,sunrise,sunset | Y16: true | Z16: 13.642854 | AA16: date | AB16: true | AC16: 9.426851 | AD16: sunrise,sunset | AE16: true | AF16: 29.397643 | AG16: a2,a3,a5,a6 | AH16: false | AI16: 12.167432 | AJ16: Yes | AK16: true | AL16: Confirm Coffee Preferences | AM16: Get Sun Data | AN16: simple | AO16: 7.567719 | AP16: 2 | AQ16: 1 | AS16: =IF(AND(G16="true",J16="true",M16="true",P16="true",S16="true"),"true","false") -> false | AT16: =IF(AND(Y16="true",AB16="true",AE16="true",AH16="true",AK16="true"),"true","false") -> false
A17: 195cb5db-d09b-4876-9da8-d3f19b5851c8 | B17: BPMN | C17: Confirm Coffee Preferences | D17: simple | E17: 14.366735 | F17: items,order | G17: true | H17: 7.526705 | I17: order | J17: true | K17: 2.577106 | L17: items,order | M17: true | N17: 16.892631 | O17: a1,a4,a7 | P17: true | Q17: 9.218188 | R17: No | S17: false | T17: CPEE | U17: Get Sun Data | V17: simple | W17: 13.915979 | X17: date,sunrise,sunset | Y17: true | Z17: 6.827948 | AA17: date | AB17: true | AC17: 6.015879 | AD17: sunrise,sunset | AE17: true | AF17: 24.638148 | AG17: a2,a3,a5,a6 | AH17: false | AI17: 5.086044 | AJ17: Yes | AK17: true | AL17: Confirm Coffee Preferences | AM17: Get Sun Data | AN17: simple | AO17: 26.340224 | AP17: 1 | AQ17: 2 | AS17: =IF(AND(G17="true",J17="true",M17="true",P17="true",S17="true"),"true","false") -> false | AT17: =IF(AND(Y17="true",AB17="true",AE17="true",AH17="true",AK17="true"),"true","false") -> false
A18: 19f2e5f2-65b8-4cef-8a1c-399e4c41baaf | B18: BPMN | C18: Confirm Coffee Preferences | D18: simple | E18: 36.417236 | F18: items,order | G18: true | H18: 35.544207 | I18: items,order | J18: false | K18: 17.580112 | L18: items,order | M18: true | N18: 19.030605 | O18: a1,a4,a7 | P18: true | Q18: 27.898287 | R18: Yes | S18: false | T18: CPEE | U18: Get Sun Data | V18: simple | W18: 29.60218 | X18: date | Y18: false | Z18: 1.020157 | AA18: hour | AB18: false | AC18: 0.869164 | AD18: sunrise | AE18: false | AF18: 2.73235 | AG18: a2,a5,a6 | AH18: true | AI18: 2.448802 | AJ18: Yes | AK18: true | AL18: Confirm Coffee Preferences | AM18: Get Sun Data | AN18: simple | AO18: 5.680848 | AP18: 1 | AQ18: 1 | AS18: =IF(AND(G18="true",J18="true",M18="true",P18="true",S18="true"),"true","false") -> false | AT18: =IF(AND(Y18="true",AB18="true",AE18="true",AH18="true",AK18="true"),"true","false") -> false
A19: 1e8ee981-3bc2-497c-a7ef-7fba32865218 | B19: BPMN | C19: Get Sun Data | D19: simple | E19: 18.740801 | F19: date,sunrise,sunset | G19: true | H19: 13.346525 | I19: date | J19: true | K19: 6.192337 | L19: sunrise,sunset | M19: true | N19: 46.003915 | O19: a2,a5,a6 | P19: true | Q19: 48.507488 | R19: No | S19: false | T19: CPEE | U19: Confirm Coffee Preferences | V19: simple | W19: 50.735037 | X19: items,order | Y19: true | Z19: 13.838046 | AA19: order | AB19: true | AC19: 7.275739 | AD19: items,order | AE19: true | AF19: 17.757176 | AG19: a1,a4,a7 | AH19: true | AI19: 37.857388 | AJ19: Yes | AK19: false | AL19: Get Sun Data | AM19: Confirm Coffee Preferences | AN19: simple | AO19: 17.865319 | AP19: 1 | AQ19: 0 | AS19: =IF(AND(G19="true",J19="true",M19="true",P19="true",S19="true"),"true","false") -> false | AT19: =IF(AND(Y19="true",AB19="true",AE19="true",AH19="true",AK19="true"),"true","false") -> false
A20: 1fb06626-ce2a-43ac-a3e9-adb886507041 | B20: BPMN | C20: Get Sun Data | D20: simple | E20: 22.388168 | F20: sunrise,sunset | G20: false | H20: 10.800945 | I20: date | J20: true | K20: 30.256338 | L20: sunrise,sunset | M20: true | N20: 45.12651 | O20: a2,a3,a5,a6 | P20: false | Q20: 52.897321 | R20: No | S20: false | T20: CPEE | U20: Confirm Coffee Preferences | V20: simple | W20: 44.315932 | X20: items,order | Y20: true | Z20: 13.415693 | AA20: order | AB20: true | AC20: 5.792744 | AD20: items | AE20: false | AF20: 28.682819 | AG20: a1,a4,a7 | AH20: true | AI20: 52.301244 | AJ20: Yes | AK20: false | AL20: Get Sun Data | AM20: Confirm Coffee Preferences | AN20: simple | AO20: 7.451917 | AP20: 1 | AQ20: 1 | AS20: =IF(AND(G20="true",J20="true",M20="true",P20="true",S20="true"),"true","false") -> false | AT20: =IF(AND(Y20="true",AB20="true",AE20="true",AH20="true",AK20="true"),"true","false") -> false
A21: 21d06c9a-e06b-4908-98bf-38035ad47b4f | B21: BPMN | C21: Confirm Coffee Preferences | D21: simple | E21: 10.646109 | F21: items,order | G21: true | H21: 4.943961 | I21: order | J21: true | K21: 6.237828 | L21: items,order | M21: true | N21: 13.684033 | O21: a1,a4,a7 | P21: true | Q21: 6.779193 | R21: No | S21: false | T21: CPEE | U21: Get Sun Data | V21: simple | W21: 21.745252 | X21: date,sunrise,sunset | Y21: true | Z21: 11.674666 | AA21: sunrise,sunset | AB21: false | AC21: 8.359973 | AD21: sunrise,sunset | AE21: true | AF21: 22.037178 | AG21: a1,a2,a3,a4,a5,a6,a7,a8,a9 | AH21: false | AI21: 17.504379 | AJ21: I cant be sure | AK21: false | AL21: Confirm Coffee Preferences | AM21: Get Sun Data | AN21: simple | AO21: 63.752344 | AP21: 2 | AQ21: -1 | AR21: The small arrows and many bars, while effective for easier models, become more difficult to read quickly for people with less experience using CPEE BPMN. | AS21: =IF(AND(G21="true",J21="true",M21="true",P21="true",S21="true"),"true","false") -> false | AT21: =IF(AND(Y21="true",AB21="true",AE21="true",AH21="true",AK21="true"),"true","false") -> false
A22: 25358758-6f87-4398-b82c-122106e5fabd | B22: BPMN | C22: Get Sun Data | D22: simple | E22: 28.774966 | F22: date,sunrise,sunset | G22: true | H22: 35.036527 | I22: date | J22: true | K22: 7.267438 | L22: sunrise,sunset | M22: true | N22: 48.283308 | O22: a2,a3,a5,a6 | P22: false | Q22: 16.87505 | R22: Yes | S22: false | T22: CPEE | U22: Confirm Coffee Preferences | V22: simple | W22: 95.151615 | X22: emails,refill | Y22: false | Z22: 29.687575 | AA22: emails,refill | AB22: false | AC22: 15.5549 | AE22: false | AF22: 47.285457 | AG22: a1,a4,a6,a7 | AH22: false | AI22: 19.800807 | AJ22: Yes | AK22: false | AL22: Get Sun Data | AM22: Confirm Coffee Preferences | AN22: simple | AO22: 52.416944 | AP22: 1 | AQ22: 0 | AR22: Man musste erst drauf kommen, wie es funktioniert. Gerne Ã¶fters solche Ãbungen, die sind top!! Helfen einem super, das zu verstehen und macht echt SpaÃ. | AS22: =IF(AND(G22="true",J22="true",M22="true",P22="true",S22="true"),"true","false") -> false | AT22: =IF(AND(Y22="true",AB22="true",AE22="true",AH22="true",AK22="true"),"true","false") -> false
A23: 2658a615-10ed-4079-847c-130becd6377f | B23: BPMN | C23: Confirm Coffee Preferences | D23: simple | E23: 35.451832 | F23: order | G23: false | H23: 21.175062 | I23: order | J23: true | K23: 11.327226 | L23: items | M23: false | N23: 12.513529 | O23: a1 | P23: false | Q23: 21.769395 | R23: No | S23: false | T23: CPEE | U23: Get Sun Data | V23: simple | W23: 42.78727 | X23: sunset | Y23: false | Z23: 19.674993 | AA23: date | AB23: true | AC23: 11.477926 | AD23: sunrise | AE23: false | AF23: 23.089712 | AG23: a2 | AH23: false | AI23: 16.975039 | AJ23: Yes | AK23: true | AL23: Confirm Coffee Preferences | AM23: Get Sun Data | AN23: simple | AO23: 44.996866 | AP23: -1 | AQ23: -1 | AR23: Understanding the interconnections between read and write operations from a graphical standpoint. | AS23: =IF(AND(G23="true",J23="true",M23="true",P23="true",S23="true"),"true","false") -> false | AT23: =IF(AND(Y23="true",AB23="true",AE23="true",AH23="true",AK23="true"),"true","false") -> false
A24: 279d674a-b893-47f9-92ec-d162aa37f045 | B24: BPMN | C24: Confirm Coffee Preferences | D24: simple | E24: 14.407375 | F24: order | G24: false | H24: 19.262887 | I24: items,order | J24: false | K24: 11.656385 | L24: items,order | M24: true | N24: 10.932594 | O24: a1 | P24: false | Q24: 10.870609 | R24: Yes | S24: false | T24: CPEE | U24: Get Sun Data | V24: simple | W24: 10.875191 | X24: sunrise | Y24: false | Z24: 20.714458 | AA24: sunrise,sunset | AB24: false | AC24: 14.451549 | AD24: hour | AE24: false | AF24: 14.15916 | AG24: a1 | AH24: false | AI24: 5.393828 | AJ24: Yes | AK24: true | AL24: Confirm Coffee Preferences | AM24: Get Sun Data | AN24: simple | AO24: 33.352216 | AP24: 1 | AQ24: -1 | AR24: It is not loading on safari | AS24: =IF(AND(G24="true",J24="true",M24="true",P24="true",S24="true"),"true","false") -> false | AT24: =IF(AND(Y24="true",AB24="true",AE24="true",AH24="true",AK24="true"),"true","false") -> false
A25: 28bd6c19-f114-4eb1-b43f-ed5bbcd2a685 | B25: BPMN | C25: Get Sun Data | D25: simple | E25: 27.268039 | F25: date,sunrise,sunset | G25: true | H25: 8.484017 | I25: date,sunrise,sunset | J25: false | K25: 17.589809 | L25: sunrise,sunset | M25: true | N25: 32.569759 | O25: a1,a2,a8 | P25: false | Q25: 16.17566 | R25: Yes | S25: false | T25: CPEE | U25: Confirm Coffee Preferences | V25: simple | W25: 449.78777 | X25: items,order | Y25: true | Z25: 12.412584 | AB25: false | AC25: 9.641798 | AD25: items | AE25: false | AF25: 15.253813 | AG25: a1,a6 | AH25: false | AI25: 18.279274 | AJ25: No | AK25: true | AL25: Get Sun Data | AM25: Confirm Coffee Preferences | AN25: simple | AO25: 13.309408 | AP25: -1 | AQ25: 1 | AS25: =IF(AND(G25="true",J25="true",M25="true",P25="true",S25="true"),"true","false") -> false | AT25: =IF(AND(Y25="true",AB25="true",AE25="true",AH25="true",AK25="true"),"true","false") -> false
A26: 2bc2639c-b3e2-4386-b3e6-032c6a6092e0 | B26: BPMN | C26: Confirm Coffee Preferences | D26: simple | E26: 28.65092 | F26: items,order | G26: true | H26: 11.32238 | I26: order | J26: true | K26: 6.785097 | L26: items,order | M26: true | N26: 22.614474 | O26: a1,a4,a7 | P26: true | Q26: 48.603064 | R26: No | S26: false | T26: CPEE | U26: Get Sun Data | V26: simple | W26: 21.021396 | X26: date,sunrise,sunset | Y26: true | Z26: 22.15392 | AA26: date | AB26: true | AC26: 8.278128 | AD26: sunrise,sunset | AE26: true | AF26: 28.779176 | AG26: a2,a5,a6 | AH26: true | AI26: 30.691077 | AJ26: Yes | AK26: true | AL26: Confirm Coffee Preferences | AM26: Get Sun Data | AN26: simple | AO26: 97.290671 | AP26: 0 | AQ26: 1 | AR26: CEEP is more difficult to understand the diagramm as a hole but more easy to find specifics. | AS26: =IF(AND(G26="true",J26="true",M26="true",P26="true",S26="true"),"true","false") -> false | AT26: =IF(AND(Y26="true",AB26="true",AE26="true",AH26="true",AK26="true"),"true","false") -> true
A27: 2cd942ac-a421-4fd0-9ef5-29f230bbb996 | B27: BPMN | C27: Get Sun Data | D27: simple | E27: 24.457484 | F27: date,sunrise,sunset | G27: true | H27: 21.707864 | I27: date | J27: true | K27: 6.426139 | L27: sunrise,sunset | M27: true | N27: 29.576189 | O27: a2,a3,a5,a6 | P27: false | Q27: 34.896346 | R27: No | S27: false | T27: CPEE | U27: Confirm Coffee Preferences | V27: simple | W27: 41.712371 | X27: items,order | Y27: true | Z27: 21.297854 | AA27: order | AB27: true | AC27: 11.409629 | AD27: items,order | AE27: true | AF27: 32.266786 | AG27: a4 | AH27: false | AI27: 40.07122 | AJ27: I cant be sure | AK27: false | AL27: Get Sun Data | AM27: Confirm Coffee Preferences | AN27: simple | AO27: 30.397876 | AP27: 2 | AQ27: -2 | AS27: =IF(AND(G27="true",J27="true",M27="true",P27="true",S27="true"),"true","false") -> false | AT27: =IF(AND(Y27="true",AB27="true",AE27="true",AH27="true",AK27="true"),"true","false") -> false
A28: 2ef4cfbb-c311-4acd-a615-9c3d2a1b21bb | B28: BPMN | C28: Get Sun Data | D28: simple | E28: 16.784983 | F28: sunrise,sunset | G28: false | H28: 6.087746 | I28: date | J28: true | K28: 5.50984 | L28: sunrise,sunset | M28: true | N28: 24.384853 | O28: a2,a5,a6 | P28: true | Q28: 26.502595 | R28: Yes | S28: false | T28: CPEE | U28: Confirm Coffee Preferences | V28: simple | W28: 38.012643 | X28: items,order | Y28: true | Z28: 22.893523 | AA28: items | AB28: false | AC28: 3.755848 | AE28: false | AF28: 35.50933 | AG28: a1,a4,a7 | AH28: true | AI28: 17.253133 | AJ28: Yes | AK28: false | AL28: Get Sun Data | AM28: Confirm Coffee Preferences | AN28: simple | AO28: 11.611721 | AP28: 1 | AQ28: 0 | AS28: =IF(AND(G28="true",J28="true",M28="true",P28="true",S28="true"),"true","false") -> false | AT28: =IF(AND(Y28="true",AB28="true",AE28="true",AH28="true",AK28="true"),"true","false") -> false
A29: 30e44ca2-097d-4b68-b090-6b57b525c3ae | B29: BPMN | C29: Confirm Coffee Preferences | D29: simple | E29: 27.950299 | F29: items,order | G29: true | H29: 21.728274 | I29: order | J29: true | K29: 9.716066 | L29: items,order | M29: true | N29: 27.928232 | O29: a1,a4,a7 | P29: true | Q29: 31.738011 | R29: Yes | S29: false | T29: CPEE | U29: Get Sun Data | V29: simple | W29: 26.984346 | X29: date,sunrise,sunset | Y29: true | Z29: 18.299009 | AA29: date | AB29: true | AC29: 10.813249 | AD29: sunrise,sunset | AE29: true | AF29: 60.869896 | AG29: a2,a3,a5,a6 | AH29: false | AI29: 19.989385 | AJ29: Yes | AK29: true | AL29: Confirm Coffee Preferences | AM29: Get Sun Data | AN29: simple | AO29: 55.422463 | AP29: 2 | AQ29: 2 | AS29: =IF(AND(G29="true",J29="true",M29="true",P29="true",S29="true"),"true","false") -> false | AT29: =IF(AND(Y29="true",AB29="true",AE29="true",AH29="true",AK29="true"),"true","false") -> false
A30: 31dcf553-e3d2-4a55-b773-d524c37dd2a4 | B30: BPMN | C30: Confirm Coffee Preferences | D30: simple | E30: 56.045402 | F30: items,order | G30: true | H30: 38.306199 | I30: items,order | J30: false | K30: 16.809225 | L30: items,order | M30: true | N30: 23.651339 | O30: a1,a4,a7 | P30: true | Q30: 15.367342 | R30: No | S30: false | T30: CPEE | U30: Get Sun Data | V30: simple | W30: 76.918524 | X30: date,sunrise,sunset | Y30: true | Z30: 8.101647 | AA30: sunrise,sunset | AB30: false | AC30: 1.915537 | AD30: date | AE30: false | AF30: 35.35379 | AG30: a2,a3,a5,a6 | AH30: false | AI30: 36.457945 | AJ30: I cant be sure | AK30: false | AL30: Confirm Coffee Preferences | AM30: Get Sun Data | AN30: simple | AO30: 9.134926 | AP30: 1 | AQ30: 0 | AS30: =IF(AND(G30="true",J30="true",M30="true",P30="true",S30="true"),"true","false") -> false | AT30: =IF(AND(Y30="true",AB30="true",AE30="true",AH30="true",AK30="true"),"true","false") -> false
A31: 32ed680e-7751-4fe6-b93b-d03ea58809ef | B31: BPMN | C31: Confirm Coffee Preferences | D31: simple | E31: 16.649711 | F31: items,order | G31: true | H31: 10.796034 | I31: items,order | J31: false | K31: 7.571309 | L31: items,order | M31: true | N31: 24.483461 | O31: a1,a4,a7 | P31: true | Q31: 71.234436 | R31: Yes | S31: false | T31: CPEE | U31: Get Sun Data | V31: simple | W31: 34.114345 | X31: date,sunrise,sunset | Y31: true | Z31: 23.557913 | AA31: date | AB31: true | AC31: 12.660496 | AD31: sunrise,sunset | AE31: true | AF31: 57.260799 | AG31: a2,a5,a6 | AH31: true | AI31: 5.721019 | AJ31: Yes | AK31: true | AL31: Confirm Coffee Preferences | AM31: Get Sun Data | AN31: simple | AO31: 17.517797 | AP31: 1 | AQ31: 1 | AS31: =IF(AND(G31="true",J31="true",M31="true",P31="true",S31="true"),"true","false") -> false | AT31: =IF(AND(Y31="true",AB31="true",AE31="true",AH31="true",AK31="true"),"true","false") -> true
A32: 38d25a54-c191-40b6-aa37-7dc785a46a50 | B32: BPMN | C32: Confirm Coffee Preferences | D32: simple | E32: 27.730996 | F32: items,order | G32: true | H32: 17.394532 | I32: refill | J32: false | K32: 14.583827 | L32: emails | M32: false | N32: 106.04564 | O32: a7 | P32: false | Q32: 13.849818 | R32: No | S32: false | T32: CPEE | U32: Get Sun Data | V32: simple | W32: 64.838903 | X32: date,sunrise,sunset | Y32: true | Z32: 16.971175 | AA32: date | AB32: true | AC32: 79.728025 | AD32: sunrise,sunset | AE32: true | AF32: 65.951112 | AG32: a2,a3,a5,a6 | AH32: false | AI32: 36.421949 | AJ32: I cant be sure | AK32: false | AL32: Confirm Coffee Preferences | AM32: Get Sun Data | AN32: simple | AO32: 23.649695 | AP32: 0 | AQ32: 1 | AS32: =IF(AND(G32="true",J32="true",M32="true",P32="true",S32="true"),"true","false") -> false | AT32: =IF(AND(Y32="true",AB32="true",AE32="true",AH32="true",AK32="true"),"true","false") -> false
A33: 39a66cba-bbc6-4fd0-b8f5-5b2b6e4046f7 | B33: BPMN | C33: Confirm Coffee Preferences | D33: simple | E33: 17.620758 | F33: items,order | G33: true | H33: 19.566508 | I33: items,order | J33: false | K33: 13.050822 | L33: items,order | M33: true | N33: 22.943715 | O33: a1,a4,a7 | P33: true | Q33: 23.252404 | R33: Yes | S33: false | T33: CPEE | U33: Get Sun Data | V33: simple | W33: 19.583085 | X33: date,sunrise,sunset | Y33: true | Z33: 10.889121 | AA33: sunrise,sunset | AB33: false | AC33: 6.570853 | AD33: date | AE33: false | AF33: 28.713616 | AG33: a2,a5,a6 | AH33: true | AI33: 6.8013 | AJ33: Yes | AK33: true | AL33: Confirm Coffee Preferences | AM33: Get Sun Data | AN33: simple | AO33: 14.861549 | AP33: -1 | AQ33: 2 | AS33: =IF(AND(G33="true",J33="true",M33="true",P33="true",S33="true"),"true","false") -> false | AT33: =IF(AND(Y33="true",AB33="true",AE33="true",AH33="true",AK33="true"),"true","false") -> false
A34: 39b10480-d4c8-4e1f-831f-bc4b0fcf3ff6 | B34: BPMN | C34: Get Sun Data | D34: simple | E34: 15.376944 | F34: date | G34: false | H34: 18.296733 | I34: date | J34: true | K34: 10.533409 | L34: sunrise,sunset | M34: true | N34: 29.956139 | O34: a2,a5,a6 | P34: true | Q34: 10.309922 | R34: Yes | S34: false | T34: CPEE | U34: Confirm Coffee Preferences | V34: simple | W34: 20.834354 | X34: refill | Y34: false | Z34: 25.564085 | AA34: order | AB34: true | AC34: 8.657717 | AD34: items,order | AE34: true | AF34: 26.923809 | AG34: a1,a4,a7 | AH34: true | AI34: 16.7842 | AJ34: No | AK34: true | AL34: Get Sun Data | AM34: Confirm Coffee Preferences | AN34: simple | AO34: 12.0409 | AP34: 0 | AQ34: 0 | AS34: =IF(AND(G34="true",J34="true",M34="true",P34="true",S34="true"),"true","false") -> false | AT34: =IF(AND(Y34="true",AB34="true",AE34="true",AH34="true",AK34="true"),"true","false") -> false
A35: 3ba490ae-a764-44e3-9834-ae0472f1f4c6 | B35: BPMN | C35: Get Sun Data | D35: simple | E35: 34.144296 | F35: date,sunrise,sunset | G35: true | H35: 42.656212 | I35: sunrise,sunset | J35: false | K35: 21.766601 | L35: sunrise,sunset | M35: true | N35: 32.97592 | O35: a2,a3,a5,a6 | P35: false | Q35: 21.927825 | R35: Yes | S35: false | T35: CPEE | U35: Confirm Coffee Preferences | V35: simple | W35: 33.353897 | X35: items,order | Y35: true | Z35: 29.506506 | AA35: order | AB35: true | AC35: 7.632978 | AD35: items,order | AE35: true | AF35: 23.798868 | AG35: a1,a4,a7 | AH35: true | AI35: 14.157586 | AJ35: Yes | AK35: false | AL35: Get Sun Data | AM35: Confirm Coffee Preferences | AN35: simple | AO35: 75.983997 | AP35: 1 | AQ35: 0 | AR35: Im Grunde muss ich nur noch sicherer im Umgang mit beiden werden, auf das CPEE BPMN ist auf den ersten Blick unÃ¼bersichtlicher und erfordert minimal mehr grundverstÃ¤ndnis | AS35: =IF(AND(G35="true",J35="true",M35="true",P35="true",S35="true"),"true","false") -> false | AT35: =IF(AND(Y35="true",AB35="true",AE35="true",AH35="true",AK35="true"),"true","false") -> false
A36: 3f592c91-d28f-447f-bc9b-ead3b892754d | B36: BPMN | C36: Get Sun Data | D36: simple | E36: 24.588679 | F36: date,sunrise,sunset | G36: true | H36: 12.320244 | I36: date | J36: true | K36: 3.66871 | L36: sunrise,sunset | M36: true | N36: 31.717793 | O36: a2,a3,a5,a6 | P36: false | Q36: 36.006787 | R36: Yes | S36: false | T36: CPEE | U36: Confirm Coffee Preferences | V36: simple | W36: 39.703684 | X36: items,order | Y36: true | Z36: 15.266323 | AA36: items,order | AB36: false | AC36: 9.090807 | AD36: order | AE36: false | AF36: 20.376043 | AG36: a1,a4,a7 | AH36: true | AI36: 21.969078 | AJ36: No | AK36: true | AL36: Get Sun Data | AM36: Confirm Coffee Preferences | AN36: simple | AO36: 64.073921 | AP36: 1 | AQ36: 1 | AS36: =IF(AND(G36="true",J36="true",M36="true",P36="true",S36="true"),"true","false") -> false | AT36: =IF(AND(Y36="true",AB36="true",AE36="true",AH36="true",AK36="true"),"true","false") -> false
A37: 40fc4049-2873-4051-827f-6a0413989c8c | B37: BPMN | C37: Confirm Coffee Preferences | D37: simple | E37: 39.236985 | F37: emails | G37: false | H37: 18.986495 | I37: emails | J37: false | K37: 8.937841 | L37: order | M37: false | N37: 58.912523 | O37: a7 | P37: false | Q37: 25.273387 | R37: I cant be sure | S37: true | T37: CPEE | U37: Get Sun Data | V37: simple | W37: 46.794712 | X37: date | Y37: false | Z37: 11.783837 | AA37: date | AB37: true | AC37: 6.912416 | AD37: sunrise,sunset | AE37: true | AF37: 67.486395 | AG37: a2,a3 | AH37: false | AI37: 36.246879 | AJ37: Yes | AK37: true | AL37: Confirm Coffee Preferences | AM37: Get Sun Data | AN37: simple | AO37: 39.158355 | AP37: -2 | AQ37: -2 | AS37: =IF(AND(G37="true",J37="true",M37="true",P37="true",S37="true"),"true","false") -> false | AT37: =IF(AND(Y37="true",AB37="true",AE37="true",AH37="true",AK37="true"),"true","false") -> false
A38: 419233e8-17be-460a-a46c-d0319ee260f7 | B38: BPMN | C38: Confirm Coffee Preferences | D38: simple | E38: 39.67438 | F38: items,order | G38: true | H38: 16.644866 | I38: items,order | J38: false | K38: 2.532538 | L38: order | M38: false | N38: 23.330567 | O38: a1,a4 | P38: false | Q38: 13.25581 | R38: No | S38: false | T38: CPEE | U38: Get Sun Data | V38: simple | W38: 23.886964 | X38: date,hour,sunrise,sunset | Y38: false | Z38: 0.522696 | AB38: false | AC38: 7.77848 | AD38: sunrise,sunset | AE38: true | AF38: 26.63 | AG38: a2,a5,a6 | AH38: true | AI38: 9.754909 | AJ38: Yes | AK38: true | AL38: Confirm Coffee Preferences | AM38: Get Sun Data | AN38: simple | AO38: 38.839503 | AP38: 2 | AQ38: 1 | AR38: Layout of CPEE BPMN | AS38: =IF(AND(G38="true",J38="true",M38="true",P38="true",S38="true"),"true","false") -> false | AT38: =IF(AND(Y38="true",AB38="true",AE38="true",AH38="true",AK38="true"),"true","false") -> false
A39: 4e624349-7010-4b12-883c-52ca95cfdfff | B39: BPMN | C39: Confirm Coffee Preferences | D39: simple | E39: 17.226584 | F39: items,order | G39: true | H39: 12.378849 | I39: order | J39: true | K39: 6.84197 | L39: items,order | M39: true | N39: 20.344006 | O39: a1,a4,a7 | P39: true | Q39: 34.46348 | R39: Yes | S39: false | T39: CPEE | U39: Get Sun Data | V39: simple | W39: 17.315848 | X39: date,sunrise,sunset | Y39: true | Z39: 55.668469 | AA39: sunrise,sunset | AB39: false | AC39: 7.2913 | AD39: date | AE39: false | AF39: 32.524631 | AG39: a2,a3,a5,a6 | AH39: false | AI39: 9.924456 | AJ39: Yes | AK39: true | AL39: Confirm Coffee Preferences | AM39: Get Sun Data | AN39: simple | AO39: 47.133769 | AP39: 2 | AQ39: 1 | AR39: Defining what "Part of a condition branch" means -> inside the condition itself or just part of the branch from a yes or no...? | AS39: =IF(AND(G39="true",J39="true",M39="true",P39="true",S39="true"),"true","false") -> false | AT39: =IF(AND(Y39="true",AB39="true",AE39="true",AH39="true",AK39="true"),"true","false") -> false
A40: 4e8c2f3d-caaf-4bfd-a0dd-45768e71dec9 | B40: BPMN | C40: Get Sun Data | D40: simple | E40: 16.989748 | F40: sunrise,sunset | G40: false | H40: 46.414634 | I40: date | J40: true | K40: 181.52444 | L40: sunrise,sunset | M40: true | N40: 38.76002 | O40: a2,a5,a6,a7 | P40: false | Q40: 31.450939 | R40: Yes | S40: false | T40: CPEE | U40: Confirm Coffee Preferences | V40: simple | W40: 78.89579 | X40: order | Y40: false | Z40: 9.23341 | AA40: items,order | AB40: false | AC40: 35.743651 | AD40: items,order | AE40: true | AF40: 30.751354 | AG40: a1,a4,a7 | AH40: true | AI40: 41.750863 | AJ40: Yes | AK40: false | AL40: Get Sun Data | AM40: Confirm Coffee Preferences | AN40: simple | AO40: 29.504191 | AP40: 0 | AQ40: -1 | AS40: =IF(AND(G40="true",J40="true",M40="true",P40="true",S40="true"),"true","false") -> false | AT40: =IF(AND(Y40="true",AB40="true",AE40="true",AH40="true",AK40="true"),"true","false") -> false
A41: 4f10fecf-2c76-44f8-86a1-1ff28dc62b2d | B41: BPMN | C41: Get Sun Data | D41: simple | E41: 39.502904 | F41: date | G41: false | H41: 43.410459 | I41: date | J41: true | K41: 17.282871 | L41: sunrise | M41: false | N41: 55.823046 | O41: a5,a6 | P41: false | Q41: 30.192487 | R41: No | S41: false | T41: CPEE | U41: Confirm Coffee Preferences | V41: simple | W41: 61.160326 | X41: refill | Y41: false | Z41: 21.620646 | AA41: emails | AB41: false | AC41: 40.668625 | AD41: items | AE41: false | AF41: 61.062426 | AG41: a4 | AH41: false | AI41: 11.484234 | AJ41: No | AK41: true | AL41: Get Sun Data | AM41: Confirm Coffee Preferences | AN41: simple | AO41: 75.837679 | AP41: 1 | AQ41: 1 | AS41: =IF(AND(G41="true",J41="true",M41="true",P41="true",S41="true"),"true","false") -> false | AT41: =IF(AND(Y41="true",AB41="true",AE41="true",AH41="true",AK41="true"),"true","false") -> false
A42: 5000d3e3-5475-4fc7-8473-323f91c33295 | B42: BPMN | C42: Confirm Coffee Preferences | D42: simple | E42: 22.51715 | F42: items,order | G42: true | H42: 4.664077 | I42: order | J42: true | K42: 34.703544 | M42: false | N42: 20.475349 | O42: a1,a4,a7 | P42: true | Q42: 24.241344 | R42: No | S42: false | T42: CPEE | U42: Get Sun Data | V42: simple | W42: 59.565861 | X42: date,sunrise,sunset | Y42: true | Z42: 15.943954 | AA42: date,sunrise,sunset | AB42: false | AC42: 25.181721 | AD42: angle,sunrise,sunset | AE42: false | AF42: 37.778283 | AH42: false | AI42: 21.710516 | AJ42: Yes | AK42: true | AL42: Confirm Coffee Preferences | AM42: Get Sun Data | AN42: simple | AO42: 196.13017 | AP42: 1 | AQ42: 2 | AS42: =IF(AND(G42="true",J42="true",M42="true",P42="true",S42="true"),"true","false") -> false | AT42: =IF(AND(Y42="true",AB42="true",AE42="true",AH42="true",AK42="true"),"true","false") -> false
A43: 513f7b03-04c7-4caa-b44b-7c30f3369a68 | B43: BPMN | C43: Get Sun Data | D43: simple | E43: 61.465094 | F43: sunrise,sunset | G43: false | H43: 44.318726 | I43: date | J43: true | K43: 10.597107 | L43: sunrise,sunset | M43: true | N43: 37.791938 | O43: a2,a5,a6 | P43: true | Q43: 20.729693 | R43: Yes | S43: false | T43: CPEE | U43: Confirm Coffee Preferences | V43: simple | W43: 43.260091 | X43: items,order | Y43: true | Z43: 58.10701 | AA43: items | AB43: false | AC43: 1.505769 | AD43: order | AE43: false | AF43: 86.659953 | AG43: a2,a4 | AH43: false | AI43: 6.938037 | AJ43: No | AK43: true | AL43: Get Sun Data | AM43: Confirm Coffee Preferences | AN43: simple | AO43: 54.235814 | AP43: 1 | AQ43: 0 | AS43: =IF(AND(G43="true",J43="true",M43="true",P43="true",S43="true"),"true","false") -> false | AT43: =IF(AND(Y43="true",AB43="true",AE43="true",AH43="true",AK43="true"),"true","false") -> false
A44: 51b5f138-3e0f-49bd-b557-27095397cd3f | B44: BPMN | C44: Get Sun Data | D44: simple | E44: 15.393978 | F44: sunrise,sunset | G44: false | H44: 11.573058 | I44: date | J44: true | K44: 11.846757 | L44: sunrise,sunset | M44: true | N44: 38.946292 | O44: a2,a3,a5,a6 | P44: false | Q44: 28.373406 | R44: Yes | S44: false | T44: CPEE | U44: Confirm Coffee Preferences | V44: simple | W44: 26.19696 | X44: items,order | Y44: true | Z44: 19.180161 | AA44: order | AB44: true | AC44: 6.880983 | AD44: items,order | AE44: true | AF44: 28.306351 | AG44: a1,a4,a7 | AH44: true | AI44: 30.170318 | AJ44: No | AK44: true | AL44: Get Sun Data | AM44: Confirm Coffee Preferences | AN44: simple | AO44: 33.580408 | AP44: 2 | AQ44: -1 | AS44: =IF(AND(G44="true",J44="true",M44="true",P44="true",S44="true"),"true","false") -> false | AT44: =IF(AND(Y44="true",AB44="true",AE44="true",AH44="true",AK44="true"),"true","false") -> true
A45: 549e797c-e540-45e6-a934-1616a89ac263 | B45: BPMN | C45: Get Sun Data | D45: simple | E45: 17.193754 | F45: sunrise,sunset | G45: false | H45: 6.878702 | I45: sunrise,sunset | J45: false | K45: 8.493152 | L45: sunrise,sunset | M45: true | N45: 20.49099 | O45: a5,a6 | P45: false | Q45: 19.532538 | R45: Yes | S45: false | T45: CPEE | U45: Confirm Coffee Preferences | V45: simple | W45: 34.625357 | X45: emails,refill | Y45: false | Z45: 15.758417 | AA45: refill | AB45: false | AC45: 15.947775 | AD45: items | AE45: false | AF45: 22.251403 | AG45: a1 | AH45: false | AI45: 16.365466 | AJ45: I cant be sure | AK45: false | AL45: Get Sun Data | AM45: Confirm Coffee Preferences | AN45: simple | AO45: 93.682676 | AP45: 1 | AQ45: 0 | AR45: My browser did not load the CPEE BPMN. I lost time opening it in another browser. | AS45: =IF(AND(G45="true",J45="true",M45="true",P45="true",S45="true"),"true","false") -> false | AT45: =IF(AND(Y45="true",AB45="true",AE45="true",AH45="true",AK45="true"),"true","false") -> false
A46: 553a9ee1-e841-4393-9a4b-677bfc2b4edb | B46: BPMN | C46: Get Sun Data | D46: simple | E46: 17.391212 | F46: date,sunrise,sunset | G46: true | H46: 11.391429 | I46: date | J46: true | K46: 9.321683 | L46: sunrise,sunset | M46: true | N46: 34.339044 | O46: a2,a3,a5,a6 | P46: false | Q46: 33.158573 | R46: No | S46: false | T46: CPEE | U46: Confirm Coffee Preferences | V46: simple | W46: 15.248958 | X46: items,order | Y46: true | Z46: 21.474851 | AA46: items,order | AB46: false | AC46: 7.401976 | AD46: order | AE46: false | AF46: 18.675874 | AG46: a1,a4,a7 | AH46: true | AI46: 9.235614 | AJ46: No | AK46: true | AL46: Get Sun Data | AM46: Confirm Coffee Preferences | AN46: simple | AO46: 11.024158 | AP46: -1 | AQ46: 1 | AS46: =IF(AND(G46="true",J46="true",M46="true",P46="true",S46="true"),"true","false") -> false | AT46: =IF(AND(Y46="true",AB46="true",AE46="true",AH46="true",AK46="true"),"true","false") -> false
A47: 55e8d636-d652-4f0c-be33-e68e78ceefcb | B47: BPMN | C47: Get Sun Data | D47: simple | E47: 21.18991 | F47: sunrise,sunset | G47: false | H47: 9.28994 | I47: sunrise | J47: false | K47: 22.244938 | L47: date | M47: false | N47: 41.766368 | O47: a5,a6 | P47: false | Q47: 22.635289 | R47: Yes | S47: false | T47: CPEE | U47: Confirm Coffee Preferences | V47: simple | W47: 3.320748 | Y47: false | Z47: 0.743363 | AB47: false | AC47: 0.594501 | AE47: false | AF47: 0.724542 | AH47: false | AI47: 0.841011 | AK47: false | AL47: Get Sun Data | AM47: Confirm Coffee Preferences | AN47: simple | AO47: 3.718022 | AS47: =IF(AND(G47="true",J47="true",M47="true",P47="true",S47="true"),"true","false") -> false | AT47: =IF(AND(Y47="true",AB47="true",AE47="true",AH47="true",AK47="true"),"true","false") -> false
A48: 55f263d3-e3b3-40dc-8308-06b8aae96e0d | B48: BPMN | C48: Get Sun Data | D48: simple | E48: 5.995161 | F48: date,sunrise,sunset | G48: true | H48: 10.798273 | I48: date | J48: true | K48: 2.781596 | L48: sunrise,sunset | M48: true | N48: 33.658802 | O48: a2,a5,a6 | P48: true | Q48: 45.584706 | R48: No | S48: false | T48: CPEE | U48: Confirm Coffee Preferences | V48: simple | W48: 18.103786 | X48: items,order | Y48: true | Z48: 54.224401 | AA48: items | AB48: false | AC48: 11.037765 | AD48: order | AE48: false | AF48: 0.288049 | AH48: false | AI48: 39.804377 | AJ48: No | AK48: true | AL48: Get Sun Data | AM48: Confirm Coffee Preferences | AN48: simple | AO48: 52.111354 | AP48: 1 | AQ48: -1 | AR48: I did not fully understand CPEE BPMN, but I think if you get used to it, it is a lot easier to read | AS48: =IF(AND(G48="true",J48="true",M48="true",P48="true",S48="true"),"true","false") -> false | AT48: =IF(AND(Y48="true",AB48="true",AE48="true",AH48="true",AK48="true"),"true","false") -> false
A49: 569730b7-d99c-43b4-ad3d-7eab8239cb6a | B49: BPMN | C49: Get Sun Data | D49: simple | E49: 43.957988 | F49: date,sunrise,sunset | G49: true | H49: 35.080305 | I49: date | J49: true | K49: 9.295851 | L49: sunrise,sunset | M49: true | N49: 67.7228 | O49: a5 | P49: false | Q49: 17.573951 | R49: Yes | S49: false | T49: CPEE | U49: Confirm Coffee Preferences | V49: simple | W49: 34.417916 | X49: emails | Y49: false | Z49: 55.139548 | AA49: refill | AB49: false | AC49: 25.4845 | AD49: items,order | AE49: true | AF49: 34.326679 | AG49: a1,a4,a7 | AH49: true | AI49: 29.952012 | AJ49: I cant be sure | AK49: false | AL49: Get Sun Data | AM49: Confirm Coffee Preferences | AN49: simple | AO49: 49.676248 | AP49: -1 | AQ49: -1 | AR49: Bad explanation by Professor | AS49: =IF(AND(G49="true",J49="true",M49="true",P49="true",S49="true"),"true","false") -> false | AT49: =IF(AND(Y49="true",AB49="true",AE49="true",AH49="true",AK49="true"),"true","false") -> false
A50: 57478f5b-7fd4-4e72-86b8-3fea9c4d48f3 | B50: BPMN | C50: Get Sun Data | D50: simple | E50: 15.071499 | F50: date,sunrise,sunset | G50: true | H50: 12.468681 | I50: date | J50: true | K50: 7.718476 | L50: sunrise,sunset | M50: true | N50: 27.871335 | O50: a2,a3,a5,a6 | P50: false | Q50: 24.431433 | R50: Yes | S50: false | T50: CPEE | U50: Confirm Coffee Preferences | V50: simple | W50: 39.426678 | X50: items,order | Y50: true | Z50: 13.501666 | AA50: order | AB50: true | AC50: 6.946736 | AD50: items | AE50: false | AF50: 15.952464 | AG50: a2,a7 | AH50: false | AI50: 15.29838 | AJ50: No | AK50: true | AL50: Get Sun Data | AM50: Confirm Coffee Preferences | AN50: simple | AO50: 75.28099 | AP50: 2 | AQ50: -1 | AR50: Hovering takes extra effort to see the document labels. When there are too many files it will be really confusing going through all the icons searching for the required file. | AS50: =IF(AND(G50="true",J50="true",M50="true",P50="true",S50="true"),"true","false") -> false | AT50: =IF(AND(Y50="true",AB50="true",AE50="true",AH50="true",AK50="true"),"true","false") -> false
A51: 5851befa-3f09-4681-907a-34f4ae0580de | B51: BPMN | C51: Confirm Coffee Preferences | D51: simple | E51: 29.85818 | F51: items,order | G51: true | H51: 12.803096 | I51: order | J51: true | K51: 7.215713 | L51: items,order | M51: true | N51: 18.782631 | O51: a1,a4,a7 | P51: true | Q51: 46.953572 | R51: Yes | S51: false | T51: CPEE | U51: Get Sun Data | V51: simple | W51: 15.924711 | X51: date,sunrise,sunset | Y51: true | Z51: 6.468197 | AA51: date | AB51: true | AC51: 5.064452 | AD51: sunrise,sunset | AE51: true | AF51: 62.864352 | AG51: a2,a3,a5,a6 | AH51: false | AI51: 4.633873 | AJ51: Yes | AK51: true | AL51: Confirm Coffee Preferences | AM51: Get Sun Data | AN51: simple | AO51: 74.984406 | AP51: 1 | AQ51: 2 | AR51: I could not completely understand how we use the data on conditionals. | AS51: =IF(AND(G51="true",J51="true",M51="true",P51="true",S51="true"),"true","false") -> false | AT51: =IF(AND(Y51="true",AB51="true",AE51="true",AH51="true",AK51="true"),"true","false") -> false
A52: 5d46a41b-41cc-4647-850b-64f99ec59885 | B52: BPMN | C52: Get Sun Data | D52: simple | E52: 20.74896 | F52: date,sunrise,sunset | G52: true | H52: 21.042585 | I52: sunrise,sunset | J52: false | K52: 50.965244 | L52: angle | M52: false | N52: 42.569678 | O52: a2 | P52: false | Q52: 7.286097 | R52: I cant be sure | S52: true | T52: CPEE | U52: Confirm Coffee Preferences | V52: simple | W52: 20.537933 | X52: items,order | Y52: true | Z52: 15.069581 | AA52: items,order | AB52: false | AC52: 10.291249 | AD52: order | AE52: false | AF52: 32.407174 | AG52: a1,a4,a7 | AH52: true | AI52: 17.436562 | AJ52: Yes | AK52: false | AL52: Get Sun Data | AM52: Confirm Coffee Preferences | AN52: simple | AO52: 14.28542 | AP52: -1 | AQ52: 1 | AS52: =IF(AND(G52="true",J52="true",M52="true",P52="true",S52="true"),"true","false") -> false | AT52: =IF(AND(Y52="true",AB52="true",AE52="true",AH52="true",AK52="true"),"true","false") -> false
A53: 5e567c54-d26b-4743-a872-9c80ec50cb2e | B53: BPMN | C53: Confirm Coffee Preferences | D53: simple | E53: 19.289229 | F53: items,order | G53: true | H53: 10.602186 | I53: order | J53: true | K53: 7.493374 | L53: items,order | M53: true | N53: 15.122479 | O53: a1,a4,a7 | P53: true | Q53: 10.325748 | R53: Yes | S53: false | T53: CPEE | U53: Get Sun Data | V53: simple | W53: 28.37467 | X53: date,sunrise,sunset | Y53: true | Z53: 55.486214 | AA53: date | AB53: true | AC53: 17.988841 | AD53: date | AE53: false | AF53: 44.226864 | AG53: a2,a5,a6 | AH53: true | AI53: 17.118154 | AJ53: Yes | AK53: true | AL53: Confirm Coffee Preferences | AM53: Get Sun Data | AN53: simple | AO53: 11.997411 | AP53: 2 | AQ53: -1 | AS53: =IF(AND(G53="true",J53="true",M53="true",P53="true",S53="true"),"true","false") -> false | AT53: =IF(AND(Y53="true",AB53="true",AE53="true",AH53="true",AK53="true"),"true","false") -> false
A54: 6144c0a0-96c5-482a-9b5a-eb6ad03ef383 | B54: BPMN | C54: Get Sun Data | D54: simple | E54: 48.547927 | F54: date,sunrise,sunset | G54: true | H54: 22.423498 | I54: sunrise,sunset | J54: false | K54: 7.972158 | L54: date | M54: false | N54: 33.571534 | O54: a2,a5,a6 | P54: true | Q54: 23.745027 | R54: No | S54: false | T54: CPEE | U54: Confirm Coffee Preferences | V54: simple | W54: 51.422433 | X54: order | Y54: false | Z54: 12.123406 | AA54: order | AB54: true | AC54: 9.139312 | AD54: emails | AE54: false | AF54: 25.41336 | AG54: a1,a2,a4,a7 | AH54: false | AI54: 8.436731 | AJ54: Yes | AK54: false | AL54: Get Sun Data | AM54: Confirm Coffee Preferences | AN54: simple | AO54: 14.636316 | AP54: 0 | AQ54: -2 | AS54: =IF(AND(G54="true",J54="true",M54="true",P54="true",S54="true"),"true","false") -> false | AT54: =IF(AND(Y54="true",AB54="true",AE54="true",AH54="true",AK54="true"),"true","false") -> false
A55: 63b9a644-2168-4c42-a1e7-735de5b1bde3 | B55: BPMN | C55: Get Sun Data | D55: simple | E55: 19.566621 | F55: date,sunrise,sunset | G55: true | H55: 8.673308 | I55: date | J55: true | K55: 5.079783 | L55: sunrise,sunset | M55: true | N55: 29.510091 | O55: a2,a3,a5,a6 | P55: false | Q55: 12.201455 | R55: Yes | S55: false | T55: CPEE | U55: Confirm Coffee Preferences | V55: simple | W55: 20.738092 | X55: items,order | Y55: true | Z55: 14.831281 | AA55: items,order | AB55: false | AC55: 5.702922 | AD55: order | AE55: false | AF55: 22.70151 | AG55: a1,a4,a7 | AH55: true | AI55: 20.983741 | AJ55: Yes | AK55: false | AL55: Get Sun Data | AM55: Confirm Coffee Preferences | AN55: simple | AO55: 50.021993 | AP55: 0 | AQ55: 2 | AR55: With traditional BPMN, it's little bit harder to look and understand the whole project. | AS55: =IF(AND(G55="true",J55="true",M55="true",P55="true",S55="true"),"true","false") -> false | AT55: =IF(AND(Y55="true",AB55="true",AE55="true",AH55="true",AK55="true"),"true","false") -> false
A56: 651f5946-2f0f-4470-856e-63d261a0d7ea | B56: BPMN | C56: Confirm Coffee Preferences | D56: simple | E56: 24.97627 | F56: items,order | G56: true | H56: 26.416424 | I56: order | J56: true | K56: 7.801129 | L56: items,order | M56: true | N56: 44.735944 | O56: a1,a4,a7 | P56: true | Q56: 65.028971 | R56: No | S56: false | T56: CPEE | U56: Get Sun Data | V56: simple | W56: 29.185596 | X56: date,hour,sunrise,sunset | Y56: false | Z56: 22.639195 | AA56: date | AB56: true | AC56: 10.623948 | AD56: sunrise,sunset | AE56: true | AF56: 40.013827 | AG56: a2,a3,a5,a6 | AH56: false | AI56: 5.525984 | AJ56: Yes | AK56: true | AL56: Confirm Coffee Preferences | AM56: Get Sun Data | AN56: simple | AO56: 106.58733 | AP56: -1 | AQ56: 1 | AR56: I can not easily see the dataflow in traditional BPMN. | AS56: =IF(AND(G56="true",J56="true",M56="true",P56="true",S56="true"),"true","false") -> false | AT56: =IF(AND(Y56="true",AB56="true",AE56="true",AH56="true",AK56="true"),"true","false") -> false
A57: 678c5505-d912-4ea2-b317-129e641329d4 | B57: BPMN | C57: Get Sun Data | D57: simple | E57: 28.609131 | F57: date,sunrise,sunset | G57: true | H57: 46.137132 | I57: date | J57: true | K57: 9.655317 | L57: sunrise,sunset | M57: true | N57: 59.487794 | O57: a2,a3,a5,a6 | P57: false | Q57: 51.207498 | R57: Yes | S57: false | T57: CPEE | U57: Confirm Coffee Preferences | V57: simple | W57: 47.13768 | X57: items,order | Y57: true | Z57: 36.315992 | AA57: items,order | AB57: false | AC57: 9.838643 | AD57: order | AE57: false | AF57: 57.311285 | AG57: a1,a4,a7 | AH57: true | AI57: 82.21668 | AJ57: Yes | AK57: false | AL57: Get Sun Data | AM57: Confirm Coffee Preferences | AN57: simple | AO57: 23.293791 | AP57: 0 | AQ57: 1 | AS57: =IF(AND(G57="true",J57="true",M57="true",P57="true",S57="true"),"true","false") -> false | AT57: =IF(AND(Y57="true",AB57="true",AE57="true",AH57="true",AK57="true"),"true","false") -> false
A58: 6871eb0f-ede5-4917-b874-09975763ba66 | B58: BPMN | C58: Get Sun Data | D58: simple | E58: 59.325521 | F58: date,sunrise,sunset | G58: true | H58: 30.379597 | I58: date | J58: true | K58: 7.641575 | L58: sunrise,sunset | M58: true | N58: 39.539096 | O58: a2,a3,a5,a6 | P58: false | Q58: 40.448558 | R58: Yes | S58: false | T58: CPEE | U58: Confirm Coffee Preferences | V58: simple | W58: 32.708453 | X58: items,order | Y58: true | Z58: 39.536175 | AA58: order | AB58: true | AC58: 11.163311 | AD58: items,order | AE58: true | AF58: 35.536855 | AG58: a1,a4,a7 | AH58: true | AI58: 21.491948 | AJ58: Yes | AK58: false | AL58: Get Sun Data | AM58: Confirm Coffee Preferences | AN58: simple | AO58: 17.52363 | AP58: -1 | AQ58: 1 | AS58: =IF(AND(G58="true",J58="true",M58="true",P58="true",S58="true"),"true","false") -> false | AT58: =IF(AND(Y58="true",AB58="true",AE58="true",AH58="true",AK58="true"),"true","false") -> false
A59: 69620817-7e69-4529-a88a-b4cea9b9b675 | B59: BPMN | C59: Confirm Coffee Preferences | D59: simple | E59: 100.44485 | F59: refill | G59: false | H59: 45.005014 | I59: order | J59: true | K59: 6.194777 | L59: items,order | M59: true | N59: 32.992461 | O59: a1 | P59: false | Q59: 62.979476 | R59: No | S59: false | T59: CPEE | U59: Get Sun Data | V59: simple | W59: 8.724907 | X59: hour,sunrise | Y59: false | Z59: 10.548286 | AA59: hour | AB59: false | AC59: 3.770781 | AD59: sunrise,sunset | AE59: true | AF59: 6.136906 | AG59: a5 | AH59: false | AI59: 8.330492 | AJ59: Yes | AK59: true | AL59: Confirm Coffee Preferences | AM59: Get Sun Data | AN59: simple | AO59: 18.595808 | AP59: -2 | AQ59: -2 | AS59: =IF(AND(G59="true",J59="true",M59="true",P59="true",S59="true"),"true","false") -> false | AT59: =IF(AND(Y59="true",AB59="true",AE59="true",AH59="true",AK59="true"),"true","false") -> false
A60: 6f003f1e-2d9f-4a97-a8d9-ca71b3a9953e | B60: BPMN | C60: Confirm Coffee Preferences | D60: simple | E60: 30.08796 | F60: items,order,refill | G60: false | H60: 17.192566 | I60: order,refill | J60: false | K60: 7.375662 | L60: items,order | M60: true | N60: 26.043273 | O60: a1,a4,a7 | P60: true | Q60: 12.533719 | R60: No | S60: false | T60: CPEE | U60: Get Sun Data | V60: simple | W60: 46.304632 | X60: date,sunrise,sunset | Y60: true | Z60: 7.590293 | AA60: sunrise,sunset | AB60: false | AC60: 4.633104 | AD60: date | AE60: false | AF60: 26.018275 | AG60: a2,a3,a5,a6 | AH60: false | AI60: 12.270835 | AJ60: Yes | AK60: true | AL60: Confirm Coffee Preferences | AM60: Get Sun Data | AN60: simple | AO60: 8.973849 | AP60: 0 | AQ60: 0 | AS60: =IF(AND(G60="true",J60="true",M60="true",P60="true",S60="true"),"true","false") -> false | AT60: =IF(AND(Y60="true",AB60="true",AE60="true",AH60="true",AK60="true"),"true","false") -> false
A61: 73da7af1-f520-47e8-974d-04faa9db37fb | B61: BPMN | C61: Confirm Coffee Preferences | D61: simple | E61: 19.25522 | F61: items,order | G61: true | H61: 14.932312 | I61: order | J61: true | K61: 6.233744 | L61: items | M61: false | N61: 43.239297 | O61: a1,a4,a7 | P61: true | Q61: 26.39082 | R61: Yes | S61: false | T61: CPEE | U61: Get Sun Data | V61: simple | W61: 23.427214 | X61: date,hour,sunrise,sunset | Y61: false | Z61: 9.143399 | AA61: date | AB61: true | AC61: 12.615492 | AD61: sunrise,sunset | AE61: true | AF61: 36.932481 | AG61: a2,a3,a5,a6 | AH61: false | AI61: 7.036706 | AJ61: Yes | AK61: true | AL61: Confirm Coffee Preferences | AM61: Get Sun Data | AN61: simple | AO61: 12.417112 | AP61: 2 | AQ61: 1 | AS61: =IF(AND(G61="true",J61="true",M61="true",P61="true",S61="true"),"true","false") -> false | AT61: =IF(AND(Y61="true",AB61="true",AE61="true",AH61="true",AK61="true"),"true","false") -> false
A62: 767cc3b1-2704-4282-a808-5e7b18a226fd | B62: BPMN | C62: Confirm Coffee Preferences | D62: simple | E62: 36.913768 | F62: items,order | G62: true | H62: 30.367051 | I62: order | J62: true | K62: 25.737824 | L62: items,order | M62: true | N62: 25.037223 | O62: a1,a4,a7 | P62: true | Q62: 34.845396 | R62: Yes | S62: false | T62: CPEE | U62: Get Sun Data | V62: simple | W62: 12.519297 | X62: date,sunrise,sunset | Y62: true | Z62: 17.249754 | AA62: date | AB62: true | AC62: 10.083554 | AD62: sunrise,sunset | AE62: true | AF62: 46.354574 | AG62: a2,a3,a5,a6,a9 | AH62: false | AI62: 5.087618 | AJ62: Yes | AK62: true | AL62: Confirm Coffee Preferences | AM62: Get Sun Data | AN62: simple | AO62: 40.450915 | AP62: 2 | AQ62: 0 | AS62: =IF(AND(G62="true",J62="true",M62="true",P62="true",S62="true"),"true","false") -> false | AT62: =IF(AND(Y62="true",AB62="true",AE62="true",AH62="true",AK62="true"),"true","false") -> false
A63: 76a98693-1332-437a-af8d-5c4f746dc7b9 | B63: BPMN | C63: Confirm Coffee Preferences | D63: simple | E63: 38.270942 | F63: items,order | G63: true | H63: 10.217086 | I63: order | J63: true | K63: 14.177172 | L63: items,order | M63: true | N63: 24.223157 | O63: a1,a4,a7 | P63: true | Q63: 16.832171 | R63: No | S63: false | T63: CPEE | U63: Get Sun Data | V63: simple | W63: 27.311103 | X63: date,hour,sunrise,sunset | Y63: false | Z63: 15.056722 | AA63: date | AB63: true | AC63: 16.952836 | AD63: sunrise,sunset | AE63: true | AF63: 34.885964 | AG63: a2,a3,a5,a6 | AH63: false | AI63: 29.360749 | AJ63: Yes | AK63: true | AL63: Confirm Coffee Preferences | AM63: Get Sun Data | AN63: simple | AO63: 91.227791 | AP63: 2 | AQ63: 1 | AR63: The CPEE BPMN seemed less intuitive because there were more visualizations. | AS63: =IF(AND(G63="true",J63="true",M63="true",P63="true",S63="true"),"true","false") -> false | AT63: =IF(AND(Y63="true",AB63="true",AE63="true",AH63="true",AK63="true"),"true","false") -> false
A64: 77b92ad3-7a90-4937-b580-0dc1695e1419 | B64: BPMN | C64: Get Sun Data | D64: simple | E64: 33.347421 | F64: sunrise,sunset | G64: false | H64: 15.044486 | I64: date | J64: true | K64: 6.487298 | L64: sunrise,sunset | M64: true | N64: 47.44062 | O64: a2,a3,a5,a6 | P64: false | Q64: 29.320507 | R64: Yes | S64: false | T64: CPEE | U64: Confirm Coffee Preferences | V64: simple | W64: 35.533073 | X64: items,order | Y64: true | Z64: 9.844023 | AA64: order | AB64: true | AC64: 11.207327 | AD64: items,order | AE64: true | AF64: 23.148328 | AG64: a1,a4,a7 | AH64: true | AI64: 35.226356 | AJ64: No | AK64: true | AL64: Get Sun Data | AM64: Confirm Coffee Preferences | AN64: simple | AO64: 30.355388 | AP64: 2 | AQ64: 0 | AS64: =IF(AND(G64="true",J64="true",M64="true",P64="true",S64="true"),"true","false") -> false | AT64: =IF(AND(Y64="true",AB64="true",AE64="true",AH64="true",AK64="true"),"true","false") -> true
A65: 77df84b8-3178-455c-a8a6-1b040c7d06a2 | B65: BPMN | C65: Confirm Coffee Preferences | D65: simple | E65: 35.650114 | F65: items,order | G65: true | H65: 11.055294 | I65: order | J65: true | K65: 11.314751 | L65: items,order | M65: true | N65: 20.408822 | O65: a1,a4,a7 | P65: true | Q65: 61.093048 | R65: Yes | S65: false | T65: CPEE | U65: Get Sun Data | V65: simple | W65: 35.865324 | X65: date,sunrise,sunset | Y65: true | Z65: 17.130873 | AA65: sunrise,sunset | AB65: false | AC65: 6.06947 | AD65: date | AE65: false | AF65: 50.839597 | AG65: a2,a3,a5,a6 | AH65: false | AI65: 18.46669 | AJ65: Yes | AK65: true | AL65: Confirm Coffee Preferences | AM65: Get Sun Data | AN65: simple | AO65: 21.295307 | AP65: 1 | AQ65: 2 | AS65: =IF(AND(G65="true",J65="true",M65="true",P65="true",S65="true"),"true","false") -> false | AT65: =IF(AND(Y65="true",AB65="true",AE65="true",AH65="true",AK65="true"),"true","false") -> false
A66: 7f9e174e-6084-4030-a5b3-3d955afc7730 | B66: BPMN | C66: Confirm Coffee Preferences | D66: simple | E66: 28.66034 | F66: items,order | G66: true | H66: 12.778991 | I66: order | J66: true | K66: 17.087973 | L66: order | M66: false | N66: 43.416009 | O66: a1,a4,a7 | P66: true | Q66: 29.033327 | R66: No | S66: false | T66: CPEE | U66: Get Sun Data | V66: simple | W66: 49.679681 | X66: date,sunrise,sunset | Y66: true | Z66: 10.294453 | AA66: date | AB66: true | AC66: 12.549508 | AD66: sunrise,sunset | AE66: true | AF66: 48.242596 | AG66: a2,a3,a5,a6 | AH66: false | AI66: 19.899221 | AJ66: Yes | AK66: true | AL66: Confirm Coffee Preferences | AM66: Get Sun Data | AN66: simple | AO66: 31.127622 | AP66: 1 | AQ66: 2 | AS66: =IF(AND(G66="true",J66="true",M66="true",P66="true",S66="true"),"true","false") -> false | AT66: =IF(AND(Y66="true",AB66="true",AE66="true",AH66="true",AK66="true"),"true","false") -> false
A67: 8047899e-4a7d-4225-9ea0-955d0c22337b | B67: BPMN | C67: Get Sun Data | D67: simple | E67: 20.879491 | F67: date,sunrise,sunset | G67: true | H67: 9.605593 | I67: date,sunrise,sunset | J67: false | K67: 15.123812 | L67: sunrise,sunset | M67: true | N67: 38.079622 | O67: a2,a3,a5,a6 | P67: false | Q67: 25.693823 | R67: I cant be sure | S67: true | T67: CPEE | U67: Confirm Coffee Preferences | V67: simple | W67: 26.822222 | X67: items,order | Y67: true | Z67: 17.315827 | AA67: order | AB67: true | AC67: 21.474021 | AD67: items,order | AE67: true | AF67: 27.369296 | AG67: a1,a4,a7 | AH67: true | AI67: 24.698201 | AJ67: No | AK67: true | AL67: Get Sun Data | AM67: Confirm Coffee Preferences | AN67: simple | AO67: 17.760445 | AP67: 1 | AQ67: 2 | AS67: =IF(AND(G67="true",J67="true",M67="true",P67="true",S67="true"),"true","false") -> false | AT67: =IF(AND(Y67="true",AB67="true",AE67="true",AH67="true",AK67="true"),"true","false") -> true
A68: 81ecbdd8-3302-465e-bcc8-21dc757d57fc | B68: BPMN | C68: Confirm Coffee Preferences | D68: simple | E68: 42.067188 | F68: items,order | G68: true | H68: 14.345159 | I68: order | J68: true | K68: 7.702696 | L68: items,order | M68: true | N68: 18.955792 | O68: a1,a4,a7 | P68: true | Q68: 21.298792 | R68: No | S68: false | T68: CPEE | U68: Get Sun Data | V68: simple | W68: 15.618943 | X68: date,hour,sunrise,sunset | Y68: false | Z68: 22.928354 | AA68: date | AB68: true | AC68: 15.44533 | AD68: sunrise,sunset | AE68: true | AF68: 35.033549 | AG68: a2,a3,a5,a6 | AH68: false | AI68: 8.073636 | AJ68: Yes | AK68: true | AL68: Confirm Coffee Preferences | AM68: Get Sun Data | AN68: simple | AO68: 12.212729 | AP68: 2 | AQ68: 0 | AS68: =IF(AND(G68="true",J68="true",M68="true",P68="true",S68="true"),"true","false") -> false | AT68: =IF(AND(Y68="true",AB68="true",AE68="true",AH68="true",AK68="true"),"true","false") -> false
A69: 82693196-173a-409d-bbf4-b5114304e8b9 | B69: BPMN | C69: Confirm Coffee Preferences | D69: simple | E69: 14.466001 | F69: items,order | G69: true | H69: 12.437451 | I69: order | J69: true | K69: 6.233573 | L69: items,order | M69: true | N69: 18.520374 | O69: a1,a4,a7 | P69: true | Q69: 12.748556 | R69: No | S69: false | T69: CPEE | U69: Get Sun Data | V69: simple | W69: 10.139806 | Y69: false | Z69: 0.638687 | AB69: false | AC69: 0.583672 | AE69: false | AF69: 0.485082 | AH69: false | AI69: 1.132534 | AK69: false | AL69: Confirm Coffee Preferences | AM69: Get Sun Data | AN69: simple | AO69: 5.243651 | AS69: =IF(AND(G69="true",J69="true",M69="true",P69="true",S69="true"),"true","false") -> false | AT69: =IF(AND(Y69="true",AB69="true",AE69="true",AH69="true",AK69="true"),"true","false") -> false
A70: 83c3f69c-4252-4d6e-8d06-0c8af5bf0b75 | B70: BPMN | C70: Confirm Coffee Preferences | D70: simple | E70: 21.041082 | F70: items,order | G70: true | H70: 8.766976 | I70: order | J70: true | K70: 14.617341 | L70: items,order | M70: true | N70: 17.744873 | O70: a1,a4,a7 | P70: true | Q70: 70.382514 | R70: Yes | S70: false | T70: CPEE | U70: Get Sun Data | V70: simple | W70: 165.28034 | X70: date,sunrise,sunset | Y70: true | Z70: 39.773279 | AA70: date | AB70: true | AC70: 10.785067 | AD70: sunrise,sunset | AE70: true | AF70: 40.830185 | AG70: a2,a3,a5,a6 | AH70: false | AI70: 19.961933 | AJ70: Yes | AK70: true | AL70: Confirm Coffee Preferences | AM70: Get Sun Data | AN70: simple | AO70: 17.225389 | AP70: 2 | AQ70: -1 | AS70: =IF(AND(G70="true",J70="true",M70="true",P70="true",S70="true"),"true","false") -> false | AT70: =IF(AND(Y70="true",AB70="true",AE70="true",AH70="true",AK70="true"),"true","false") -> false
A71: 865d4f79-922f-4633-87bd-688979fc2177 | B71: BPMN | C71: Get Sun Data | D71: simple | E71: 30.358693 | F71: date,sunrise,sunset | G71: true | H71: 51.40938 | I71: date,hour | J71: false | K71: 11.382077 | L71: sunrise,sunset | M71: true | N71: 46.315285 | O71: a2,a3,a5,a6 | P71: false | Q71: 92.02848 | R71: No | S71: false | T71: CPEE | U71: Confirm Coffee Preferences | V71: simple | W71: 28.331256 | X71: emails,items,order,refill | Y71: false | Z71: 30.826256 | AA71: order | AB71: true | AC71: 31.300264 | AD71: items,order | AE71: true | AF71: 25.365787 | AG71: a1,a4,a7 | AH71: true | AI71: 30.608038 | AJ71: No | AK71: true | AL71: Get Sun Data | AM71: Confirm Coffee Preferences | AN71: simple | AO71: 69.938785 | AP71: 0 | AQ71: 1 | AS71: =IF(AND(G71="true",J71="true",M71="true",P71="true",S71="true"),"true","false") -> false | AT71: =IF(AND(Y71="true",AB71="true",AE71="true",AH71="true",AK71="true"),"true","false") -> false
A72: 8a0f8c82-0511-4477-b03c-258cfa3a87c9 | B72: BPMN | C72: Confirm Coffee Preferences | D72: simple | E72: 17.809422 | F72: items,order | G72: true | H72: 16.194506 | I72: order | J72: true | K72: 6.789199 | L72: items,order | M72: true | N72: 18.774803 | O72: a1,a4,a7 | P72: true | Q72: 32.500982 | R72: Yes | S72: false | T72: CPEE | U72: Get Sun Data | V72: simple | W72: 15.8867 | X72: date,sunrise,sunset | Y72: true | Z72: 19.634958 | AA72: sunrise,sunset | AB72: false | AC72: 5.46915 | AD72: date | AE72: false | AF72: 34.604801 | AG72: a2,a5,a6 | AH72: true | AI72: 13.832262 | AJ72: Yes | AK72: true | AL72: Confirm Coffee Preferences | AM72: Get Sun Data | AN72: simple | AO72: 72.461458 | AP72: 1 | AQ72: 1 | AR72: Wasn't sure for BPMN what is ment with "is email used in a decision tree" because its read from both decisions to send an email or to not send an email | AS72: =IF(AND(G72="true",J72="true",M72="true",P72="true",S72="true"),"true","false") -> false | AT72: =IF(AND(Y72="true",AB72="true",AE72="true",AH72="true",AK72="true"),"true","false") -> false
A73: 8a3e3060-0973-4261-a622-24e80304da85 | B73: BPMN | C73: Get Sun Data | D73: simple | E73: 30.651423 | F73: date,sunrise,sunset | G73: true | H73: 9.953003 | I73: date | J73: true | K73: 10.469169 | L73: sunrise,sunset | M73: true | N73: 27.690787 | O73: a5,a6 | P73: false | Q73: 13.67028 | R73: No | S73: false | T73: CPEE | U73: Confirm Coffee Preferences | V73: simple | W73: 28.478835 | X73: order | Y73: false | Z73: 10.187891 | AA73: order | AB73: true | AC73: 5.608816 | AD73: order | AE73: false | AF73: 2.29588 | AG73: a4,a6 | AH73: false | AI73: 2.505579 | AJ73: Yes | AK73: false | AL73: Get Sun Data | AM73: Confirm Coffee Preferences | AN73: simple | AO73: 3.66679 | AP73: -1 | AQ73: -1 | AS73: =IF(AND(G73="true",J73="true",M73="true",P73="true",S73="true"),"true","false") -> false | AT73: =IF(AND(Y73="true",AB73="true",AE73="true",AH73="true",AK73="true"),"true","false") -> false
A74: 8b7ad2f7-353e-43de-8c39-5348151f35cb | B74: BPMN | C74: Confirm Coffee Preferences | D74: simple | E74: 9.151533 | F74: order | G74: false | H74: 17.860803 | I74: emails | J74: false | K74: 8.194521 | L74: order | M74: false | N74: 15.464015 | O74: a4 | P74: false | Q74: 10.460712 | R74: No | S74: false | T74: CPEE | U74: Get Sun Data | V74: simple | W74: 10.636011 | X74: date | Y74: false | Z74: 9.793194 | AA74: date | AB74: true | AC74: 13.125624 | AD74: date | AE74: false | AF74: 8.860945 | AG74: a5 | AH74: false | AI74: 6.680924 | AJ74: Yes | AK74: true | AL74: Confirm Coffee Preferences | AM74: Get Sun Data | AN74: simple | AO74: 6.59098 | AP74: 1 | AQ74: 0 | AS74: =IF(AND(G74="true",J74="true",M74="true",P74="true",S74="true"),"true","false") -> false | AT74: =IF(AND(Y74="true",AB74="true",AE74="true",AH74="true",AK74="true"),"true","false") -> false
A75: 8dc7b89c-5fff-43cc-ae7a-f69e4aebf5c6 | B75: BPMN | C75: Confirm Coffee Preferences | D75: simple | E75: 15.975847 | F75: items,order | G75: true | H75: 13.186975 | I75: order | J75: true | K75: 5.181765 | L75: items | M75: false | N75: 23.703185 | O75: a1,a4,a7 | P75: true | Q75: 15.058349 | R75: No | S75: false | T75: CPEE | U75: Get Sun Data | V75: simple | W75: 17.26524 | X75: date,sunrise,sunset | Y75: true | Z75: 26.344009 | AA75: date | AB75: true | AC75: 5.518 | AD75: sunrise,sunset | AE75: true | AF75: 130.21383 | AG75: a2,a3,a5,a6 | AH75: false | AI75: 7.147007 | AJ75: Yes | AK75: true | AL75: Confirm Coffee Preferences | AM75: Get Sun Data | AN75: simple | AO75: 207.44166 | AP75: 1 | AQ75: 1 | AR75: CPEE BPMN is way better for visualizing the lifetimes and flow of data, but it makes the flow a bit less clear. | AS75: =IF(AND(G75="true",J75="true",M75="true",P75="true",S75="true"),"true","false") -> false | AT75: =IF(AND(Y75="true",AB75="true",AE75="true",AH75="true",AK75="true"),"true","false") -> false
A76: 8de6a114-bd88-4a65-b759-6af6886f088f | B76: BPMN | C76: Confirm Coffee Preferences | D76: simple | E76: 60.422666 | F76: items,order | G76: true | H76: 22.692693 | I76: order | J76: true | K76: 13.385578 | L76: items,order | M76: true | N76: 61.219608 | O76: a1,a4,a7 | P76: true | Q76: 61.061821 | R76: Yes | S76: false | T76: CPEE | U76: Get Sun Data | V76: simple | W76: 26.544866 | X76: date,sunrise,sunset | Y76: true | Z76: 75.219659 | AA76: date | AB76: true | AC76: 32.433315 | AD76: sunrise,sunset | AE76: true | AF76: 33.033098 | AG76: a2,a3,a5,a6 | AH76: false | AI76: 24.725575 | AJ76: Yes | AK76: true | AL76: Confirm Coffee Preferences | AM76: Get Sun Data | AN76: simple | AO76: 49.731477 | AP76: 2 | AQ76: 1 | AR76: the first one was more easy to comprehend cause its drwan and shown | AS76: =IF(AND(G76="true",J76="true",M76="true",P76="true",S76="true"),"true","false") -> false | AT76: =IF(AND(Y76="true",AB76="true",AE76="true",AH76="true",AK76="true"),"true","false") -> false
A77: 942451ac-790d-41b1-89dd-9db2c568cb56 | B77: BPMN | C77: Confirm Coffee Preferences | D77: simple | E77: 29.738431 | F77: items,order | G77: true | H77: 26.132077 | I77: order | J77: true | K77: 11.428266 | L77: items,order | M77: true | N77: 24.504747 | O77: a1,a4,a7 | P77: true | Q77: 22.666095 | R77: No | S77: false | T77: CPEE | U77: Get Sun Data | V77: simple | W77: 46.671344 | X77: hour,sunrise,sunset | Y77: false | Z77: 33.929454 | AA77: sunrise,sunset | AB77: false | AC77: 23.157715 | AD77: date | AE77: false | AF77: 33.507024 | AG77: a3,a5,a6,a7 | AH77: false | AI77: 26.322199 | AJ77: Yes | AK77: true | AL77: Confirm Coffee Preferences | AM77: Get Sun Data | AN77: simple | AO77: 19.796648 | AP77: 1 | AQ77: 0 | AS77: =IF(AND(G77="true",J77="true",M77="true",P77="true",S77="true"),"true","false") -> false | AT77: =IF(AND(Y77="true",AB77="true",AE77="true",AH77="true",AK77="true"),"true","false") -> false
A78: 96ca111b-e3c0-49ef-9a20-0dbdad3179bd | B78: BPMN | C78: Get Sun Data | D78: simple | E78: 11.715054 | F78: sunrise,sunset | G78: false | H78: 15.525091 | I78: date | J78: true | K78: 12.386373 | L78: sunrise,sunset | M78: true | N78: 37.155937 | O78: a2,a5,a6 | P78: true | Q78: 33.647849 | R78: No | S78: false | T78: CPEE | U78: Confirm Coffee Preferences | V78: simple | W78: 27.229513 | X78: items,order | Y78: true | Z78: 8.842205 | AA78: order | AB78: true | AC78: 10.729383 | AD78: items,order | AE78: true | AF78: 14.38952 | AG78: a1,a4,a7 | AH78: true | AI78: 11.392677 | AJ78: No | AK78: true | AL78: Get Sun Data | AM78: Confirm Coffee Preferences | AN78: simple | AO78: 22.430977 | AP78: 2 | AQ78: 2 | AS78: =IF(AND(G78="true",J78="true",M78="true",P78="true",S78="true"),"true","false") -> false | AT78: =IF(AND(Y78="true",AB78="true",AE78="true",AH78="true",AK78="true"),"true","false") -> true
A79: 9904f577-7b8b-49f3-b159-7ebc38b435eb | B79: BPMN | C79: Confirm Coffee Preferences | D79: simple | E79: 34.010257 | F79: items,order | G79: true | H79: 19.005303 | I79: order | J79: true | K79: 8.244483 | L79: items,order | M79: true | N79: 14.301808 | P79: false | Q79: 26.527621 | R79: No | S79: false | T79: CPEE | U79: Get Sun Data | V79: simple | W79: 73.820062 | X79: date,sunrise,sunset | Y79: true | Z79: 12.83038 | AA79: sunrise | AB79: false | AC79: 28.958884 | AD79: sunrise | AE79: false | AF79: 44.575786 | AH79: false | AI79: 22.871667 | AJ79: I cant be sure | AK79: false | AL79: Confirm Coffee Preferences | AM79: Get Sun Data | AN79: simple | AO79: 108.41315 | AP79: -1 | AQ79: -2 | AR79: i am not sure if i do it correctlyï¼because a same problem seems to have lots of background. I don not how to deal with the background. | AS79: =IF(AND(G79="true",J79="true",M79="true",P79="true",S79="true"),"true","false") -> false | AT79: =IF(AND(Y79="true",AB79="true",AE79="true",AH79="true",AK79="true"),"true","false") -> false
A80: 9a9ba470-2ca5-4529-87db-a71fa468c89c | B80: BPMN | C80: Confirm Coffee Preferences | D80: simple | E80: 18.058404 | F80: items,order | G80: true | H80: 16.02613 | I80: order | J80: true | K80: 5.273392 | L80: items,order | M80: true | N80: 17.811736 | O80: a1,a4,a7 | P80: true | Q80: 33.019889 | R80: No | S80: false | T80: CPEE | U80: Get Sun Data | V80: simple | W80: 18.971712 | X80: date,sunrise,sunset | Y80: true | Z80: 36.234124 | AA80: sunrise,sunset | AB80: false | AC80: 19.843922 | AD80: date | AE80: false | AF80: 37.856457 | AG80: a2,a3,a5,a6 | AH80: false | AI80: 10.276719 | AJ80: Yes | AK80: true | AL80: Confirm Coffee Preferences | AM80: Get Sun Data | AN80: simple | AO80: 28.678932 | AP80: 1 | AQ80: -1 | AS80: =IF(AND(G80="true",J80="true",M80="true",P80="true",S80="true"),"true","false") -> false | AT80: =IF(AND(Y80="true",AB80="true",AE80="true",AH80="true",AK80="true"),"true","false") -> false
A81: 9aa12dd8-e97d-41b2-8830-d5feaea4b466 | B81: BPMN | C81: Confirm Coffee Preferences | D81: simple | E81: 11.967711 | F81: items,order | G81: true | H81: 7.67925 | I81: order | J81: true | K81: 7.088935 | L81: items,order | M81: true | N81: 10.642198 | O81: a1,a4,a7 | P81: true | Q81: 10.447765 | R81: Yes | S81: false | T81: CPEE | U81: Get Sun Data | V81: simple | W81: 37.263451 | X81: angle,sunrise,sunset | Y81: false | Z81: 21.879072 | AA81: date | AB81: true | AC81: 8.014412 | AD81: sunrise,sunset | AE81: true | AF81: 21.952372 | AG81: a5 | AH81: false | AI81: 3.615162 | AJ81: I cant be sure | AK81: false | AL81: Confirm Coffee Preferences | AM81: Get Sun Data | AN81: simple | AO81: 12.193586 | AP81: 1 | AQ81: -2 | AS81: =IF(AND(G81="true",J81="true",M81="true",P81="true",S81="true"),"true","false") -> false | AT81: =IF(AND(Y81="true",AB81="true",AE81="true",AH81="true",AK81="true"),"true","false") -> false
A82: 9bd9415e-d726-4532-94ca-6726ad0f1054 | B82: BPMN | C82: Confirm Coffee Preferences | D82: simple | E82: 18.286044 | F82: items,order | G82: true | H82: 13.018767 | I82: order | J82: true | K82: 6.317845 | L82: items,order | M82: true | N82: 17.769898 | O82: a1,a4,a7 | P82: true | Q82: 12.101249 | R82: Yes | S82: false | T82: CPEE | U82: Get Sun Data | V82: simple | W82: 12.4109 | X82: date,sunrise,sunset | Y82: true | Z82: 11.417089 | AA82: date | AB82: true | AC82: 9.877342 | AD82: sunrise,sunset | AE82: true | AF82: 23.098939 | AG82: a2,a3,a5,a6 | AH82: false | AI82: 7.958883 | AJ82: Yes | AK82: true | AL82: Confirm Coffee Preferences | AM82: Get Sun Data | AN82: simple | AO82: 99.829364 | AP82: 2 | AQ82: 2 | AS82: =IF(AND(G82="true",J82="true",M82="true",P82="true",S82="true"),"true","false") -> false | AT82: =IF(AND(Y82="true",AB82="true",AE82="true",AH82="true",AK82="true"),"true","false") -> false
A83: 9c9c12c6-2e83-4a0c-8104-bb4fe03f5f55 | B83: BPMN | C83: Confirm Coffee Preferences | D83: simple | E83: 15.352193 | F83: items,order | G83: true | H83: 16.412612 | I83: order | J83: true | K83: 11.941979 | L83: items,order | M83: true | N83: 22.410473 | O83: a1,a4,a7 | P83: true | Q83: 29.025227 | R83: I cant be sure | S83: true | T83: CPEE | U83: Get Sun Data | V83: simple | W83: 14.574954 | X83: date,sunrise,sunset | Y83: true | Z83: 26.587204 | AA83: date | AB83: true | AC83: 21.715988 | AD83: date | AE83: false | AF83: 33.099702 | AG83: a5,a6 | AH83: false | AI83: 17.742225 | AJ83: Yes | AK83: true | AL83: Confirm Coffee Preferences | AM83: Get Sun Data | AN83: simple | AO83: 44.835725 | AP83: 2 | AQ83: 1 | AR83: I cannot tell whether they are in conditional loops | AS83: =IF(AND(G83="true",J83="true",M83="true",P83="true",S83="true"),"true","false") -> true | AT83: =IF(AND(Y83="true",AB83="true",AE83="true",AH83="true",AK83="true"),"true","false") -> false
A84: 9d584f52-4a33-4a4d-bf16-3e5294169f87 | B84: BPMN | C84: Get Sun Data | D84: simple | E84: 19.910724 | F84: date,sunrise,sunset | G84: true | H84: 2.132284 | J84: false | K84: 18.489175 | L84: sunrise,sunset | M84: true | N84: 28.349163 | O84: a2,a3,a5,a6 | P84: false | Q84: 36.851789 | R84: Yes | S84: false | T84: CPEE | U84: Confirm Coffee Preferences | V84: simple | W84: 28.824063 | X84: emails,items,order,refill | Y84: false | Z84: 35.991808 | AA84: order | AB84: true | AC84: 11.210885 | AD84: items,order | AE84: true | AF84: 61.927976 | AG84: a1,a4,a7 | AH84: true | AI84: 24.68028 | AJ84: No | AK84: true | AL84: Get Sun Data | AM84: Confirm Coffee Preferences | AN84: simple | AO84: 73.31781 | AP84: 1 | AQ84: 1 | AR84: tracing long arrows in traditional BPMN can lead to accidentally switching arrows | AS84: =IF(AND(G84="true",J84="true",M84="true",P84="true",S84="true"),"true","false") -> false | AT84: =IF(AND(Y84="true",AB84="true",AE84="true",AH84="true",AK84="true"),"true","false") -> false
A85: a14a2337-a5d2-4713-b3ff-57f2aa6f4481 | B85: BPMN | C85: Get Sun Data | D85: simple | E85: 16.06917 | F85: sunrise,sunset | G85: false | H85: 9.917509 | I85: date | J85: true | K85: 13.936568 | L85: sunrise,sunset | M85: true | N85: 30.221218 | O85: a2,a3,a5,a6 | P85: false | Q85: 21.276436 | R85: Yes | S85: false | T85: CPEE | U85: Confirm Coffee Preferences | V85: simple | W85: 13.940111 | X85: items,order | Y85: true | Z85: 16.14977 | AA85: order | AB85: true | AC85: 4.179248 | AD85: items,order | AE85: true | AF85: 26.592154 | AG85: a1,a4,a7 | AH85: true | AI85: 31.27359 | AJ85: No | AK85: true | AL85: Get Sun Data | AM85: Confirm Coffee Preferences | AN85: simple | AO85: 73.055161 | AP85: -1 | AQ85: 1 | AR85: Traditional is harder to read (you need to follow each arrow) | AS85: =IF(AND(G85="true",J85="true",M85="true",P85="true",S85="true"),"true","false") -> false | AT85: =IF(AND(Y85="true",AB85="true",AE85="true",AH85="true",AK85="true"),"true","false") -> true
A86: a399e79a-dce4-4bec-b61a-a7c1a5fca590 | B86: BPMN | C86: Confirm Coffee Preferences | D86: simple | E86: 24.761293 | F86: order | G86: false | H86: 48.304879 | I86: items,order | J86: false | K86: 35.35825 | L86: items,order | M86: true | N86: 31.754984 | O86: a1,a4,a7 | P86: true | Q86: 38.819561 | R86: Yes | S86: false | T86: CPEE | U86: Get Sun Data | V86: simple | W86: 29.120257 | X86: date,sunrise,sunset | Y86: true | Z86: 25.264926 | AA86: date | AB86: true | AC86: 15.715364 | AD86: sunrise,sunset | AE86: true | AF86: 61.985666 | AG86: a2,a3,a5,a6 | AH86: false | AI86: 14.766476 | AJ86: Yes | AK86: true | AL86: Confirm Coffee Preferences | AM86: Get Sun Data | AN86: simple | AO86: 39.148801 | AP86: 1 | AQ86: 1 | AS86: =IF(AND(G86="true",J86="true",M86="true",P86="true",S86="true"),"true","false") -> false | AT86: =IF(AND(Y86="true",AB86="true",AE86="true",AH86="true",AK86="true"),"true","false") -> false
A87: a42258aa-4570-4aec-b998-ff5a7d247efc | B87: BPMN | C87: Confirm Coffee Preferences | D87: simple | E87: 65.796358 | F87: items,order | G87: true | H87: 19.337492 | I87: refill | J87: false | K87: 15.94635 | L87: items,order | M87: true | N87: 24.615093 | O87: a1,a4,a7 | P87: true | Q87: 9.616194 | R87: No | S87: false | T87: CPEE | U87: Get Sun Data | V87: simple | W87: 20.964282 | X87: date,sunrise,sunset | Y87: true | Z87: 18.894909 | AA87: date | AB87: true | AC87: 5.445868 | AD87: sunrise,sunset | AE87: true | AF87: 37.000468 | AG87: a2,a5,a6 | AH87: true | AI87: 12.21507 | AJ87: Yes | AK87: true | AL87: Confirm Coffee Preferences | AM87: Get Sun Data | AN87: simple | AO87: 11.96289 | AP87: 0 | AQ87: 0 | AS87: =IF(AND(G87="true",J87="true",M87="true",P87="true",S87="true"),"true","false") -> false | AT87: =IF(AND(Y87="true",AB87="true",AE87="true",AH87="true",AK87="true"),"true","false") -> true
A88: a5e3630d-60af-47be-b644-395d846a9746 | B88: BPMN | C88: Get Sun Data | D88: simple | E88: 46.732985 | F88: date,sunrise,sunset | G88: true | H88: 19.33795 | I88: date | J88: true | K88: 5.962346 | L88: sunrise,sunset | M88: true | N88: 49.105894 | O88: a2,a3,a5,a6 | P88: false | Q88: 25.711016 | R88: Yes | S88: false | T88: CPEE | U88: Confirm Coffee Preferences | V88: simple | W88: 18.516741 | X88: items,order | Y88: true | Z88: 14.116422 | AA88: items,order | AB88: false | AC88: 8.938742 | AD88: order | AE88: false | AF88: 29.891285 | AG88: a1,a4,a7 | AH88: true | AI88: 41.815104 | AJ88: No | AK88: true | AL88: Get Sun Data | AM88: Confirm Coffee Preferences | AN88: simple | AO88: 23.98699 | AP88: 0 | AQ88: 2 | AR88: Rendering on the screen was way to small | AS88: =IF(AND(G88="true",J88="true",M88="true",P88="true",S88="true"),"true","false") -> false | AT88: =IF(AND(Y88="true",AB88="true",AE88="true",AH88="true",AK88="true"),"true","false") -> false
A89: a6103e09-3c7f-4479-8587-edeb66d1fd95 | B89: BPMN | C89: Get Sun Data | D89: simple | E89: 20.8718 | F89: sunrise,sunset | G89: false | H89: 15.165987 | I89: date | J89: true | K89: 9.214263 | L89: sunrise,sunset | M89: true | N89: 44.119525 | O89: a2,a3,a5,a6 | P89: false | Q89: 37.284 | R89: I cant be sure | S89: true | T89: CPEE | U89: Confirm Coffee Preferences | V89: simple | W89: 15.519484 | X89: items,order | Y89: true | Z89: 31.136701 | AA89: order | AB89: true | AC89: 10.217234 | AD89: items | AE89: false | AF89: 15.078234 | AG89: a1,a4,a7 | AH89: true | AI89: 12.859622 | AJ89: I cant be sure | AK89: false | AL89: Get Sun Data | AM89: Confirm Coffee Preferences | AN89: simple | AO89: 25.263874 | AP89: 0 | AQ89: 1 | AS89: =IF(AND(G89="true",J89="true",M89="true",P89="true",S89="true"),"true","false") -> false | AT89: =IF(AND(Y89="true",AB89="true",AE89="true",AH89="true",AK89="true"),"true","false") -> false
A90: a784e692-0f91-4658-80bd-b1a2468cd05e | B90: BPMN | C90: Confirm Coffee Preferences | D90: simple | E90: 87.409548 | F90: items,order | G90: true | H90: 14.419992 | I90: order | J90: true | K90: 8.441662 | L90: items,order | M90: true | N90: 43.065536 | O90: a1,a4,a7 | P90: true | Q90: 57.205063 | R90: I cant be sure | S90: true | T90: CPEE | U90: Get Sun Data | V90: simple | W90: 29.181339 | X90: date,sunrise,sunset | Y90: true | Z90: 19.04031 | AA90: date | AB90: true | AC90: 9.924778 | AD90: sunrise,sunset | AE90: true | AF90: 40.276184 | AG90: a2,a3,a5,a6 | AH90: false | AI90: 18.378241 | AJ90: Yes | AK90: true | AL90: Confirm Coffee Preferences | AM90: Get Sun Data | AN90: simple | AO90: 14.399285 | AP90: 0 | AQ90: 0 | AS90: =IF(AND(G90="true",J90="true",M90="true",P90="true",S90="true"),"true","false") -> true | AT90: =IF(AND(Y90="true",AB90="true",AE90="true",AH90="true",AK90="true"),"true","false") -> false
A91: a9b4f52a-c001-4480-b1b9-b45bfa2ee731 | B91: BPMN | C91: Get Sun Data | D91: simple | E91: 49.928148 | F91: date,sunrise,sunset | G91: true | H91: 63.270182 | I91: date | J91: true | K91: 5.848509 | L91: sunrise,sunset | M91: true | N91: 109.79605 | O91: a5,a6 | P91: false | Q91: 47.953848 | R91: Yes | S91: false | T91: CPEE | U91: Confirm Coffee Preferences | V91: simple | W91: 55.308161 | X91: order | Y91: false | Z91: 11.313675 | AA91: emails | AB91: false | AC91: 10.547523 | AD91: refill | AE91: false | AF91: 68.518232 | AG91: a6,a7 | AH91: false | AI91: 23.229481 | AJ91: No | AK91: true | AL91: Get Sun Data | AM91: Confirm Coffee Preferences | AN91: simple | AO91: 29.036773 | AP91: 1 | AQ91: -1 | AS91: =IF(AND(G91="true",J91="true",M91="true",P91="true",S91="true"),"true","false") -> false | AT91: =IF(AND(Y91="true",AB91="true",AE91="true",AH91="true",AK91="true"),"true","false") -> false
A92: a9e4e097-56eb-48f5-b2bc-77467a5d5c35 | B92: BPMN | C92: Get Sun Data | D92: simple | E92: 30.099397 | F92: date,sunrise,sunset | G92: true | H92: 20.797172 | I92: date | J92: true | K92: 7.909913 | L92: sunrise,sunset | M92: true | N92: 45.690063 | O92: a2,a3,a5,a6 | P92: false | Q92: 24.043144 | R92: Yes | S92: false | T92: CPEE | U92: Confirm Coffee Preferences | V92: simple | W92: 27.062478 | X92: emails,refill | Y92: false | Z92: 31.062584 | AA92: order | AB92: true | AC92: 9.233209 | AD92: items | AE92: false | AF92: 43.703865 | AG92: a1,a4,a7 | AH92: true | AI92: 64.994672 | AJ92: I cant be sure | AK92: false | AL92: Get Sun Data | AM92: Confirm Coffee Preferences | AN92: simple | AO92: 183.07929 | AP92: 1 | AQ92: 1 | AR92: BPMN: nicht so Ã¼bersichtlich. CPEE BPMN: VerstÃ¤ndnis der Verbindungen. | AS92: =IF(AND(G92="true",J92="true",M92="true",P92="true",S92="true"),"true","false") -> false | AT92: =IF(AND(Y92="true",AB92="true",AE92="true",AH92="true",AK92="true"),"true","false") -> false
A93: ab318d4d-1c9c-44ed-afb7-583f109b4caa | B93: BPMN | C93: Get Sun Data | D93: simple | E93: 26.32382 | F93: date,sunrise,sunset | G93: true | H93: 17.894242 | I93: date | J93: true | K93: 10.038747 | L93: sunrise,sunset | M93: true | N93: 33.689349 | O93: a2,a3 | P93: false | Q93: 28.876255 | R93: Yes | S93: false | T93: CPEE | U93: Confirm Coffee Preferences | V93: simple | W93: 122.36295 | Y93: false | Z93: 25.568157 | AA93: refill | AB93: false | AC93: 17.602597 | AD93: refill | AE93: false | AF93: 32.412026 | AG93: a1,a7 | AH93: false | AI93: 9.603207 | AJ93: No | AK93: true | AL93: Get Sun Data | AM93: Confirm Coffee Preferences | AN93: simple | AO93: 22.146763 | AP93: 1 | AQ93: -1 | AS93: =IF(AND(G93="true",J93="true",M93="true",P93="true",S93="true"),"true","false") -> false | AT93: =IF(AND(Y93="true",AB93="true",AE93="true",AH93="true",AK93="true"),"true","false") -> false
A94: abc38b1f-f10d-4f00-a46d-37209a8ffdf8 | B94: BPMN | C94: Confirm Coffee Preferences | D94: simple | E94: 27.154561 | F94: items,order | G94: true | H94: 22.916252 | I94: order | J94: true | K94: 6.956577 | L94: items,order | M94: true | N94: 23.947143 | O94: a1,a4,a7 | P94: true | Q94: 46.52029 | R94: No | S94: false | T94: CPEE | U94: Get Sun Data | V94: simple | W94: 107.73349 | X94: angle,sunrise,sunset | Y94: false | Z94: 19.501887 | AA94: angle,sunrise,sunset | AB94: false | AC94: 9.291104 | AD94: angle | AE94: false | AF94: 45.668973 | AG94: a2,a5,a6 | AH94: true | AI94: 68.915225 | AJ94: Yes | AK94: true | AL94: Confirm Coffee Preferences | AM94: Get Sun Data | AN94: simple | AO94: 30.294378 | AP94: 1 | AQ94: 0 | AS94: =IF(AND(G94="true",J94="true",M94="true",P94="true",S94="true"),"true","false") -> false | AT94: =IF(AND(Y94="true",AB94="true",AE94="true",AH94="true",AK94="true"),"true","false") -> false
A95: ad1e757d-e5ca-462c-bc02-1b413c060253 | B95: BPMN | C95: Confirm Coffee Preferences | D95: simple | E95: 30.732464 | F95: items,order | G95: true | H95: 36.375823 | I95: order | J95: true | K95: 6.985106 | L95: items,order | M95: true | N95: 45.541859 | O95: a1,a4,a7 | P95: true | Q95: 31.161958 | R95: Yes | S95: false | T95: CPEE | U95: Get Sun Data | V95: simple | W95: 59.310699 | X95: date,sunrise,sunset | Y95: true | Z95: 73.494975 | AA95: sunrise,sunset | AB95: false | AC95: 16.999968 | AD95: sunrise,sunset | AE95: true | AF95: 36.204815 | AG95: a2,a3,a5,a6 | AH95: false | AI95: 46.306899 | AJ95: Yes | AK95: true | AL95: Confirm Coffee Preferences | AM95: Get Sun Data | AN95: simple | AO95: 43.894852 | AP95: 1 | AQ95: 0 | AR95: forgot which arrow was for read and which for write (cpee bpmn) | AS95: =IF(AND(G95="true",J95="true",M95="true",P95="true",S95="true"),"true","false") -> false | AT95: =IF(AND(Y95="true",AB95="true",AE95="true",AH95="true",AK95="true"),"true","false") -> false
A96: ae401590-5a59-46e9-9ddc-b807a18e6b7d | B96: BPMN | C96: Confirm Coffee Preferences | D96: simple | E96: 16.003732 | F96: items,order | G96: true | H96: 26.067403 | I96: items,order | J96: false | K96: 8.701461 | L96: order | M96: false | N96: 19.351763 | O96: a1,a4,a7 | P96: true | Q96: 55.116744 | R96: Yes | S96: false | T96: CPEE | U96: Get Sun Data | V96: simple | W96: 70.705317 | X96: angle,sunrise,sunset | Y96: false | Z96: 254.79334 | AA96: date | AB96: true | AC96: 13.831264 | AD96: sunrise,sunset | AE96: true | AF96: 32.072424 | AG96: a2,a3,a5,a6 | AH96: false | AI96: 15.794176 | AJ96: Yes | AK96: true | AL96: Confirm Coffee Preferences | AM96: Get Sun Data | AN96: simple | AO96: 35.499363 | AP96: 1 | AQ96: -1 | AS96: =IF(AND(G96="true",J96="true",M96="true",P96="true",S96="true"),"true","false") -> false | AT96: =IF(AND(Y96="true",AB96="true",AE96="true",AH96="true",AK96="true"),"true","false") -> false
A97: af19c26f-2283-4e27-89b4-ed43cd579899 | B97: BPMN | C97: Get Sun Data | D97: simple | E97: 16.015115 | F97: sunrise,sunset | G97: false | H97: 13.277629 | I97: date,sunrise,sunset | J97: false | K97: 10.970788 | L97: sunrise,sunset | M97: true | N97: 29.571434 | O97: a2,a3,a5,a6 | P97: false | Q97: 70.403569 | R97: Yes | S97: false | T97: CPEE | U97: Confirm Coffee Preferences | V97: simple | W97: 59.93821 | X97: items,order | Y97: true | Z97: 27.122263 | AA97: items,order | AB97: false | AC97: 4.872004 | AD97: order | AE97: false | AF97: 18.223569 | AG97: a1,a4,a7 | AH97: true | AI97: 13.193963 | AJ97: Yes | AK97: false | AL97: Get Sun Data | AM97: Confirm Coffee Preferences | AN97: simple | AO97: 46.223157 | AP97: 0 | AQ97: -1 | AS97: =IF(AND(G97="true",J97="true",M97="true",P97="true",S97="true"),"true","false") -> false | AT97: =IF(AND(Y97="true",AB97="true",AE97="true",AH97="true",AK97="true"),"true","false") -> false
A98: af9090d4-430e-4ad3-9cd7-aa6491e75784 | B98: BPMN | C98: Confirm Coffee Preferences | D98: simple | E98: 70.78545 | F98: items,order | G98: true | H98: 26.661169 | I98: items | J98: false | K98: 46.539627 | L98: emails | M98: false | N98: 33.700901 | O98: a1 | P98: false | Q98: 18.624192 | R98: Yes | S98: false | T98: CPEE | U98: Get Sun Data | V98: simple | W98: 93.860179 | X98: date,sunrise,sunset | Y98: true | Z98: 56.704366 | AA98: date,sunrise,sunset | AB98: false | AC98: 19.881863 | AD98: hour | AE98: false | AF98: 62.759833 | AG98: a2 | AH98: false | AI98: 25.807508 | AJ98: Yes | AK98: true | AL98: Confirm Coffee Preferences | AM98: Get Sun Data | AN98: simple | AO98: 19.896589 | AP98: -1 | AQ98: -1 | AS98: =IF(AND(G98="true",J98="true",M98="true",P98="true",S98="true"),"true","false") -> false | AT98: =IF(AND(Y98="true",AB98="true",AE98="true",AH98="true",AK98="true"),"true","false") -> false
A99: b021c465-ded9-4be5-a4be-98034e7efe76 | B99: BPMN | C99: Get Sun Data | D99: simple | E99: 31.927544 | F99: date,sunrise,sunset | G99: true | H99: 15.423254 | I99: date | J99: true | K99: 7.18108 | L99: sunrise,sunset | M99: true | N99: 104.24438 | O99: a2,a3,a5,a6 | P99: false | Q99: 27.639526 | R99: Yes | S99: false | T99: CPEE | U99: Confirm Coffee Preferences | V99: simple | W99: 32.097563 | X99: items,order | Y99: true | Z99: 20.833031 | AA99: order | AB99: true | AC99: 10.206039 | AD99: items,order | AE99: true | AF99: 25.796938 | AG99: a1,a4,a7 | AH99: true | AI99: 33.651256 | AJ99: No | AK99: true | AL99: Get Sun Data | AM99: Confirm Coffee Preferences | AN99: simple | AO99: 24.638244 | AP99: 1 | AQ99: 1 | AS99: =IF(AND(G99="true",J99="true",M99="true",P99="true",S99="true"),"true","false") -> false | AT99: =IF(AND(Y99="true",AB99="true",AE99="true",AH99="true",AK99="true"),"true","false") -> true
A100: b67ef1df-783a-46e6-bd6f-f164a35a9f65 | B100: BPMN | C100: Confirm Coffee Preferences | D100: simple | E100: 54.878654 | F100: items,order | G100: true | H100: 9.991247 | I100: order | J100: true | K100: 7.966868 | L100: items,order | M100: true | N100: 21.84108 | O100: a1,a4,a7 | P100: true | Q100: 65.163134 | R100: Yes | S100: false | T100: CPEE | U100: Get Sun Data | V100: simple | W100: 27.645818 | X100: date,sunrise,sunset | Y100: true | Z100: 9.192348 | AA100: date | AB100: true | AC100: 7.402925 | AD100: sunrise,sunset | AE100: true | AF100: 30.359423 | AG100: a2,a5,a6,a7 | AH100: false | AI100: 12.923983 | AJ100: Yes | AK100: true | AL100: Confirm Coffee Preferences | AM100: Get Sun Data | AN100: simple | AO100: 54.62553 | AP100: 1 | AQ100: 2 | AR100: The dicision loops are kinda a little bit more sophisticated as for CPEE BPMN | AS100: =IF(AND(G100="true",J100="true",M100="true",P100="true",S100="true"),"true","false") -> false | AT100: =IF(AND(Y100="true",AB100="true",AE100="true",AH100="true",AK100="true"),"true","false") -> false
...

Sheet Medium
A1: 0107564a-165b-4c30-8e9c-7411e4ce2f81 | B1: BPMN | C1: Get Delays | D1: medium | E1: 26.49583 | F1: delay,line,lineID,stops | G1: true | H1: 19.796354 | I1: delay,line,lineID,stops | J1: true | K1: 4.119664 | L1: delay | M1: true | N1: 32.818027 | O1: a6,a8,a9 | P1: true | Q1: 21.601468 | R1: I cant be sure | S1: true | T1: CPEE | U1: Create Program | V1: medium | W1: 139.8721 | Y1: false | Z1: 0.471163 | AB1: false | AC1: 0.405355 | AE1: false | AF1: 1.133862 | AH1: false | AI1: 0.989791 | AK1: false | AL1: Get Delays | AM1: Create Program | AN1: medium | AO1: 2.190479 | AS1: =IF(AND(G1="true",J1="true",M1="true",P1="true",S1="true"),"true","false") -> true | AT1: =IF(AND(Y1="true",AB1="true",AE1="true",AH1="true",AK1="true"),"true","false") -> false
A2: 03c9e98d-f65f-4415-b447-91d18e8f6765 | B2: BPMN | C2: Get Delays | D2: medium | E2: 41.611119 | F2: delay,line,lineID,stops | G2: true | H2: 23.1904 | I2: delay,line,lineID,stops | J2: true | K2: 6.939846 | L2: delay | M2: true | N2: 25.27968 | O2: a6,a8,a9 | P2: true | Q2: 59.363228 | R2: I cant be sure | S2: true | T2: CPEE | U2: Create Program | V2: medium | W2: 36.876977 | X2: program,program_params,program_patterns,program_url | Y2: true | Z2: 10.003089 | AA2: program_params,program_patterns,program_url | AB2: true | AC2: 6.311144 | AD2: program | AE2: true | AF2: 29.270035 | AG2: a1,a2 | AH2: true | AI2: 55.729473 | AJ2: No | AK2: true | AL2: Get Delays | AM2: Create Program | AN2: medium | AO2: 18.994357 | AP2: 1 | AQ2: -1 | AS2: =IF(AND(G2="true",J2="true",M2="true",P2="true",S2="true"),"true","false") -> true | AT2: =IF(AND(Y2="true",AB2="true",AE2="true",AH2="true",AK2="true"),"true","false") -> true
A3: 0442f902-150d-4932-b671-f598ed4471df | B3: BPMN | C3: Create Program | D3: medium | E3: 25.683011 | F3: program,program_params,program_patterns,program_url | G3: true | H3: 9.688338 | I3: program_params,program_patterns,program_url | J3: true | K3: 4.43215 | L3: program | M3: true | N3: 56.2497 | O3: a1,a2 | P3: true | Q3: 15.798803 | R3: No | S3: false | T3: CPEE | U3: Get Delays | V3: medium | W3: 18.345308 | X3: delay,line,lineID,stops | Y3: true | Z3: 21.597163 | AA3: line,lineID,stops | AB3: false | AC3: 2.769705 | AD3: delay | AE3: true | AF3: 30.265077 | AG3: a6,a8,a9 | AH3: true | AI3: 13.626828 | AJ3: Yes | AK3: false | AL3: Create Program | AM3: Get Delays | AN3: medium | AO3: 6.650006 | AP3: -1 | AQ3: 1 | AS3: =IF(AND(G3="true",J3="true",M3="true",P3="true",S3="true"),"true","false") -> false | AT3: =IF(AND(Y3="true",AB3="true",AE3="true",AH3="true",AK3="true"),"true","false") -> false
A4: 05174b5e-6a0d-4027-a26a-f043ae9ab5a4 | B4: BPMN | C4: Create Program | D4: medium | E4: 51.223671 | F4: program,program_params,program_patterns,program_url | G4: true | H4: 20.335289 | I4: program_params,program_patterns,program_url | J4: true | K4: 4.848473 | L4: program | M4: true | N4: 17.931235 | O4: a1,a2 | P4: true | Q4: 8.086924 | R4: No | S4: false | T4: CPEE | U4: Get Delays | V4: medium | W4: 81.343317 | X4: delay,line,lineID,stops | Y4: true | Z4: 40.433481 | AA4: line,lineID,stops | AB4: false | AC4: 8.386873 | AE4: false | AF4: 44.244115 | AG4: a9 | AH4: false | AI4: 22.235637 | AJ4: I cant be sure | AK4: false | AL4: Create Program | AM4: Get Delays | AN4: medium | AO4: 10.474041 | AP4: 2 | AQ4: 1 | AS4: =IF(AND(G4="true",J4="true",M4="true",P4="true",S4="true"),"true","false") -> false | AT4: =IF(AND(Y4="true",AB4="true",AE4="true",AH4="true",AK4="true"),"true","false") -> false
A5: 076fd317-0638-48bd-8111-3fb2df39c131 | B5: BPMN | C5: Create Program | D5: medium | E5: 15.990828 | F5: program,program_params,program_patterns,program_url | G5: true | H5: 9.860478 | I5: program_params,program_patterns,program_url | J5: true | K5: 5.718652 | L5: program | M5: true | N5: 14.679421 | O5: a1,a2 | P5: true | Q5: 16.100797 | R5: No | S5: false | T5: CPEE | U5: Get Delays | V5: medium | W5: 20.495565 | X5: delay,line,lineID,stops | Y5: true | Z5: 15.903369 | AA5: delay,line,lineID,stops | AB5: true | AC5: 5.884284 | AD5: delay | AE5: true | AF5: 16.12294 | AG5: a6,a8,a9 | AH5: true | AI5: 9.836343 | AJ5: No | AK5: true | AL5: Create Program | AM5: Get Delays | AN5: medium | AO5: 5.861895 | AP5: 1 | AQ5: 1 | AS5: =IF(AND(G5="true",J5="true",M5="true",P5="true",S5="true"),"true","false") -> false | AT5: =IF(AND(Y5="true",AB5="true",AE5="true",AH5="true",AK5="true"),"true","false") -> true
A6: 10546761-dc0a-4e65-a46d-1123d21ae2d8 | B6: BPMN | C6: Get Delays | D6: medium | E6: 43.239081 | F6: delay,line,lineID,stops | G6: true | H6: 14.190743 | I6: delay,line,lineID,stops | J6: true | K6: 5.877469 | L6: delay | M6: true | N6: 20.597633 | O6: a6,a8,a9 | P6: true | Q6: 19.01184 | R6: I cant be sure | S6: true | T6: CPEE | U6: Create Program | V6: medium | W6: 21.340711 | X6: program,program_params,program_patterns,program_url | Y6: true | Z6: 13.120294 | AA6: program_params,program_patterns,program_url | AB6: true | AC6: 3.451552 | AD6: program | AE6: true | AF6: 32.57386 | AG6: a1,a2 | AH6: true | AI6: 16.488232 | AJ6: No | AK6: true | AL6: Get Delays | AM6: Create Program | AN6: medium | AO6: 37.274824 | AP6: 1 | AQ6: 1 | AR6: tradidional bpmn makes it hardes to view object connections compared to cpee | AS6: =IF(AND(G6="true",J6="true",M6="true",P6="true",S6="true"),"true","false") -> true | AT6: =IF(AND(Y6="true",AB6="true",AE6="true",AH6="true",AK6="true"),"true","false") -> true
A7: 14e40cad-de2a-46a4-bc62-7b3f969ecc76 | B7: BPMN | C7: Create Program | D7: medium | E7: 23.379023 | F7: program,program_params,program_patterns,program_url | G7: true | H7: 10.680519 | I7: program_params,program_patterns,program_url | J7: true | K7: 7.368253 | L7: program | M7: true | N7: 30.375706 | O7: a1,a2 | P7: true | Q7: 13.760426 | R7: Yes | S7: false | T7: CPEE | U7: Get Delays | V7: medium | W7: 15.195993 | X7: delay,line,lineID,stops | Y7: true | Z7: 21.040374 | AA7: delay,line,lineID,stops | AB7: true | AC7: 8.988676 | AD7: delay | AE7: true | AF7: 32.411963 | AG7: a6,a8,a9 | AH7: true | AI7: 7.14905 | AJ7: Yes | AK7: false | AL7: Create Program | AM7: Get Delays | AN7: medium | AO7: 3.843211 | AP7: 0 | AQ7: 0 | AS7: =IF(AND(G7="true",J7="true",M7="true",P7="true",S7="true"),"true","false") -> false | AT7: =IF(AND(Y7="true",AB7="true",AE7="true",AH7="true",AK7="true"),"true","false") -> false
A8: 167b5fc1-ac1a-4234-b246-6b4df7b175a7 | B8: BPMN | C8: Create Program | D8: medium | E8: 31.357183 | F8: program,program_params,program_patterns,program_url | G8: true | H8: 10.918233 | I8: program_params,program_patterns,program_url | J8: true | K8: 7.05061 | L8: program | M8: true | N8: 32.787219 | O8: a1,a2 | P8: true | Q8: 18.518131 | R8: No | S8: false | T8: CPEE | U8: Get Delays | V8: medium | W8: 37.088292 | X8: delay,line,lineID,stops | Y8: true | Z8: 51.654746 | AA8: delay | AB8: false | AC8: 9.382521 | AD8: line,lineID,stops | AE8: false | AF8: 16.062564 | AG8: a6,a8,a9 | AH8: true | AI8: 4.224075 | AJ8: No | AK8: true | AL8: Create Program | AM8: Get Delays | AN8: medium | AO8: 39.508578 | AP8: 1 | AQ8: 1 | AR8: keeping read and write apart in CPEE BPMN | AS8: =IF(AND(G8="true",J8="true",M8="true",P8="true",S8="true"),"true","false") -> false | AT8: =IF(AND(Y8="true",AB8="true",AE8="true",AH8="true",AK8="true"),"true","false") -> false
A9: 16db2a1a-7389-46ce-86e1-fbd3c924bfd8 | B9: BPMN | C9: Get Delays | D9: medium | E9: 22.462917 | F9: delay,line,lineID,stops | G9: true | H9: 20.046525 | I9: delay,line,lineID,stops | J9: true | K9: 5.25544 | L9: delay | M9: true | N9: 15.735987 | O9: a6,a8,a9 | P9: true | Q9: 11.31418 | R9: I cant be sure | S9: true | T9: CPEE | U9: Create Program | V9: medium | W9: 14.482483 | X9: program,program_params,program_patterns,program_url | Y9: true | Z9: 7.275683 | AA9: program | AB9: false | AC9: 6.493524 | AD9: program_params,program_patterns,program_url | AE9: false | AF9: 39.376643 | AG9: a1,a2 | AH9: true | AI9: 7.855114 | AJ9: Yes | AK9: false | AL9: Get Delays | AM9: Create Program | AN9: medium | AO9: 7.500933 | AP9: -1 | AQ9: 0 | AS9: =IF(AND(G9="true",J9="true",M9="true",P9="true",S9="true"),"true","false") -> true | AT9: =IF(AND(Y9="true",AB9="true",AE9="true",AH9="true",AK9="true"),"true","false") -> false
A10: 18b719f7-3652-4ab6-8ef7-6bcda80ba259 | B10: BPMN | C10: Create Program | D10: medium | E10: 18.578594 | F10: program,program_params,program_patterns,program_url | G10: true | H10: 17.444745 | I10: program_params,program_patterns,program_url | J10: true | K10: 2.14167 | L10: program | M10: true | N10: 20.314361 | O10: a1,a2 | P10: true | Q10: 29.690455 | R10: No | S10: false | T10: CPEE | U10: Get Delays | V10: medium | W10: 57.525618 | X10: delay,line,lineID,stops | Y10: true | Z10: 10.095247 | AA10: line,lineID,stops | AB10: false | AC10: 17.914451 | AD10: delay | AE10: true | AF10: 23.555412 | AG10: a6,a8,a9 | AH10: true | AI10: 28.688243 | AJ10: Yes | AK10: false | AL10: Create Program | AM10: Get Delays | AN10: medium | AO10: 7.624775 | AP10: 1 | AQ10: 1 | AS10: =IF(AND(G10="true",J10="true",M10="true",P10="true",S10="true"),"true","false") -> false | AT10: =IF(AND(Y10="true",AB10="true",AE10="true",AH10="true",AK10="true"),"true","false") -> false
A11: 18fcf92b-103c-4238-981c-1dcca8f55c9c | B11: BPMN | C11: Create Program | D11: medium | E11: 18.600328 | F11: program_params,program_patterns,program_url | G11: false | H11: 13.917748 | I11: program_params,program_patterns,program_url | J11: true | K11: 6.519898 | L11: program | M11: true | N11: 26.462681 | O11: a1,a2 | P11: true | Q11: 15.303386 | R11: No | S11: false | T11: CPEE | U11: Get Delays | V11: medium | W11: 13.341643 | X11: delay,line,lineID,stops | Y11: true | Z11: 10.901343 | AA11: line,lineID,stops | AB11: false | AC11: 10.777718 | AE11: false | AF11: 44.600837 | AG11: a8,a9 | AH11: false | AI11: 31.481471 | AJ11: No | AK11: true | AL11: Create Program | AM11: Get Delays | AN11: medium | AO11: 93.241386 | AP11: 0 | AQ11: 1 | AR11: Information about reading/writing from or to data objects are easier to get (more compact view with additional information if you hover over the objects) while using CPEE BPMN | AS11: =IF(AND(G11="true",J11="true",M11="true",P11="true",S11="true"),"true","false") -> false | AT11: =IF(AND(Y11="true",AB11="true",AE11="true",AH11="true",AK11="true"),"true","false") -> false
A12: 19d2fa7c-78bc-4ac2-89c0-485130dd3949 | B12: BPMN | C12: Create Program | D12: medium | E12: 32.35675 | F12: program,program_params,program_patterns,program_url | G12: true | H12: 27.526864 | I12: program_params,program_patterns,program_url | J12: true | K12: 4.374282 | L12: program | M12: true | N12: 18.906382 | O12: a1,a2 | P12: true | Q12: 11.950849 | R12: No | S12: false | T12: CPEE | U12: Get Delays | V12: medium | W12: 30.474758 | X12: delay,line,lineID,stops | Y12: true | Z12: 16.822454 | AA12: delay,line,lineID,stops | AB12: true | AC12: 4.681529 | AD12: delay | AE12: true | AF12: 24.347635 | AG12: a6,a8,a9 | AH12: true | AI12: 18.455294 | AJ12: Yes | AK12: false | AL12: Create Program | AM12: Get Delays | AN12: medium | AO12: 12.983451 | AP12: 1 | AQ12: 0 | AS12: =IF(AND(G12="true",J12="true",M12="true",P12="true",S12="true"),"true","false") -> false | AT12: =IF(AND(Y12="true",AB12="true",AE12="true",AH12="true",AK12="true"),"true","false") -> false
A13: 19d6031c-e0e7-42c2-b25b-a3c7ae02a1b2 | B13: BPMN | C13: Get Delays | D13: medium | E13: 16.110353 | F13: delay,line,lineID,stops | G13: true | H13: 12.108394 | I13: delay,line,lineID,stops | J13: true | K13: 5.364584 | L13: delay | M13: true | N13: 13.751907 | O13: a6,a8,a9 | P13: true | Q13: 9.467344 | R13: Yes | S13: false | T13: CPEE | U13: Create Program | V13: medium | W13: 20.180206 | X13: program,program_params,program_patterns,program_url | Y13: true | Z13: 10.06326 | AA13: program_params,program_patterns,program_url | AB13: true | AC13: 2.839556 | AD13: program | AE13: true | AF13: 17.67411 | AG13: a1,a2 | AH13: true | AI13: 4.350744 | AJ13: I cant be sure | AK13: false | AL13: Get Delays | AM13: Create Program | AN13: medium | AO13: 16.630468 | AP13: 1 | AQ13: -2 | AR13: i cant really read the second diagram | AS13: =IF(AND(G13="true",J13="true",M13="true",P13="true",S13="true"),"true","false") -> false | AT13: =IF(AND(Y13="true",AB13="true",AE13="true",AH13="true",AK13="true"),"true","false") -> false
A14: 1afbf9ee-80b9-4502-91b3-b16d835aaf39 | B14: BPMN | C14: Get Delays | D14: medium | E14: 28.854383 | F14: delay,line,lineID,stops | G14: true | H14: 11.899432 | I14: delay,line,lineID,stops | J14: true | K14: 5.197941 | L14: delay | M14: true | N14: 27.698164 | O14: a6,a8,a9 | P14: true | Q14: 11.644679 | R14: Yes | S14: false | T14: CPEE | U14: Create Program | V14: medium | W14: 32.389368 | X14: program,program_params,program_patterns,program_url | Y14: true | Z14: 16.572142 | AA14: program_params,program_patterns,program_url | AB14: true | AC14: 3.139401 | AD14: program | AE14: true | AF14: 30.576227 | AG14: a1,a2 | AH14: true | AI14: 11.546899 | AJ14: No | AK14: true | AL14: Get Delays | AM14: Create Program | AN14: medium | AO14: 10.729805 | AP14: 1 | AQ14: -1 | AS14: =IF(AND(G14="true",J14="true",M14="true",P14="true",S14="true"),"true","false") -> false | AT14: =IF(AND(Y14="true",AB14="true",AE14="true",AH14="true",AK14="true"),"true","false") -> true
A15: 1ce0dadb-b6cc-4be3-a9d7-115b74fe0c5c | B15: BPMN | C15: Get Delays | D15: medium | E15: 16.680694 | F15: delay,line,lineID,stops | G15: true | H15: 17.578306 | I15: delay,line,lineID,stops | J15: true | K15: 6.841447 | L15: delay | M15: true | N15: 26.336828 | O15: a6,a8,a9 | P15: true | Q15: 17.568093 | R15: Yes | S15: false | T15: CPEE | U15: Create Program | V15: medium | W15: 13.117887 | X15: program,program_params,program_patterns,program_url | Y15: true | Z15: 7.145594 | AA15: program_params,program_patterns,program_url | AB15: true | AC15: 4.738141 | AD15: program | AE15: true | AF15: 16.620975 | AG15: a1,a2 | AH15: true | AI15: 18.262874 | AJ15: No | AK15: true | AL15: Get Delays | AM15: Create Program | AN15: medium | AO15: 5.271617 | AP15: 0 | AQ15: 0 | AS15: =IF(AND(G15="true",J15="true",M15="true",P15="true",S15="true"),"true","false") -> false | AT15: =IF(AND(Y15="true",AB15="true",AE15="true",AH15="true",AK15="true"),"true","false") -> true
A16: 1d0f0221-6218-49a7-bb77-b16add35493c | B16: BPMN | C16: Create Program | D16: medium | E16: 11.725645 | F16: program,program_params,program_patterns,program_url | G16: true | H16: 9.114169 | I16: program_params,program_patterns,program_url | J16: true | K16: 6.603715 | L16: program | M16: true | N16: 17.160453 | O16: a1,a2 | P16: true | Q16: 13.761982 | R16: No | S16: false | T16: CPEE | U16: Get Delays | V16: medium | W16: 16.757507 | X16: delay,line,lineID,stops | Y16: true | Z16: 24.414483 | AA16: line,lineID,stopcoords,stops | AB16: false | AC16: 9.332568 | AD16: delay | AE16: true | AF16: 23.547241 | AG16: a1,a6,a7,a8,a9 | AH16: false | AI16: 15.185542 | AJ16: Yes | AK16: false | AL16: Create Program | AM16: Get Delays | AN16: medium | AO16: 127.7154 | AP16: 0 | AQ16: 1 | AR16: A definite upside of CPEE BPMN is the line-based presentation, which means that the appearance is consistent. One can imagine that with much experience, as long as CPEE BPMN can model a case as accurately as traditional BPMN, it can become much easier and efficient to work with CPEE, as a model will never look much too different from another, unlike with BPMN. The BPMN model was very cluttered with the message event at the beginning. | AS16: =IF(AND(G16="true",J16="true",M16="true",P16="true",S16="true"),"true","false") -> false | AT16: =IF(AND(Y16="true",AB16="true",AE16="true",AH16="true",AK16="true"),"true","false") -> false
A17: 1fcbb794-a8d6-458b-badd-f0d90dbbc3ce | B17: BPMN | C17: Get Delays | D17: medium | E17: 35.150485 | F17: delay,line,lineID,stops | G17: true | H17: 42.378009 | I17: delay,line,lineID,stops | J17: true | K17: 10.573 | L17: delay | M17: true | N17: 78.450568 | O17: a6,a8,a9 | P17: true | Q17: 3.432378 | R17: Yes | S17: false | T17: CPEE | U17: Create Program | V17: medium | W17: 48.722237 | X17: program,program_params,program_patterns,program_url | Y17: true | Z17: 14.038167 | AA17: program_params,program_patterns,program_url | AB17: true | AC17: 5.684687 | AD17: program | AE17: true | AF17: 16.24396 | AG17: a1,a2 | AH17: true | AI17: 4.199043 | AJ17: Yes | AK17: false | AL17: Get Delays | AM17: Create Program | AN17: medium | AO17: 7.492957 | AP17: 0 | AQ17: 1 | AS17: =IF(AND(G17="true",J17="true",M17="true",P17="true",S17="true"),"true","false") -> false | AT17: =IF(AND(Y17="true",AB17="true",AE17="true",AH17="true",AK17="true"),"true","false") -> false
A18: 201405ab-b454-4221-8932-2add933a8217 | B18: BPMN | C18: Create Program | D18: medium | E18: 16.268111 | F18: program,program_params,program_patterns,program_url | G18: true | H18: 8.984717 | I18: program_params,program_patterns,program_url | J18: true | K18: 1.890651 | L18: program | M18: true | N18: 29.194752 | O18: a1,a2 | P18: true | Q18: 12.025113 | R18: No | S18: false | T18: CPEE | U18: Get Delays | V18: medium | W18: 9.83413 | X18: delay,stops | Y18: false | Z18: 2.400529 | AA18: delay,stopnames,stops | AB18: false | AC18: 1.743623 | AD18: delay,stopnames,stops | AE18: false | AF18: 2.141219 | AG18: a4,a6 | AH18: false | AI18: 1.626317 | AJ18: Yes | AK18: false | AL18: Create Program | AM18: Get Delays | AN18: medium | AO18: 2.743462 | AP18: 1 | AQ18: 1 | AS18: =IF(AND(G18="true",J18="true",M18="true",P18="true",S18="true"),"true","false") -> false | AT18: =IF(AND(Y18="true",AB18="true",AE18="true",AH18="true",AK18="true"),"true","false") -> false
A19: 21d4e75b-2ace-4387-ac23-31b054fc5c80 | B19: BPMN | C19: Get Delays | D19: medium | E19: 61.13444 | F19: delay,line,lineID,stops | G19: true | H19: 162.38736 | I19: delay,line,lineID,stops | J19: true | K19: 22.450468 | L19: delay | M19: true | N19: 40.898627 | O19: a6,a8,a9 | P19: true | Q19: 114.68695 | R19: No | S19: false | T19: CPEE | U19: Create Program | V19: medium | W19: 18.974182 | Y19: false | Z19: 0.474213 | AB19: false | AC19: 0.416839 | AE19: false | AF19: 2.420661 | AH19: false | AI19: 1.851179 | AJ19: I cant be sure | AK19: false | AL19: Get Delays | AM19: Create Program | AN19: medium | AO19: 12.697297 | AP19: -1 | AQ19: 2 | AS19: =IF(AND(G19="true",J19="true",M19="true",P19="true",S19="true"),"true","false") -> false | AT19: =IF(AND(Y19="true",AB19="true",AE19="true",AH19="true",AK19="true"),"true","false") -> false
A20: 22513e52-594a-4580-ae50-eb03d85a4230 | B20: BPMN | C20: Get Delays | D20: medium | E20: 51.046268 | F20: delay,line,lineID,stops | G20: true | H20: 24.336941 | I20: delay,line,lineID,stops | J20: true | K20: 4.37023 | L20: delay | M20: true | N20: 22.30559 | O20: a6,a8,a9 | P20: true | Q20: 10.989433 | R20: Yes | S20: false | T20: CPEE | U20: Create Program | V20: medium | W20: 78.261245 | X20: program_params,program_patterns,program_url | Y20: false | Z20: 8.898263 | AA20: program_params,program_patterns,program_url | AB20: true | AC20: 3.082355 | AD20: program,qr | AE20: false | AF20: 14.888143 | AG20: a7,a8 | AH20: false | AI20: 5.051052 | AJ20: I cant be sure | AK20: false | AL20: Get Delays | AM20: Create Program | AN20: medium | AO20: 13.553619 | AP20: 1 | AQ20: -2 | AS20: =IF(AND(G20="true",J20="true",M20="true",P20="true",S20="true"),"true","false") -> false | AT20: =IF(AND(Y20="true",AB20="true",AE20="true",AH20="true",AK20="true"),"true","false") -> false
A21: 25d1dfbf-09b7-45ef-98f6-9839232ac242 | B21: BPMN | C21: Create Program | D21: medium | E21: 35.728439 | F21: program,program_params,program_patterns,program_url | G21: true | H21: 19.930775 | I21: program_params,program_patterns,program_url | J21: true | K21: 10.37269 | L21: program | M21: true | N21: 26.79069 | O21: a1,a2,a8 | P21: false | Q21: 14.929972 | R21: Yes | S21: false | T21: CPEE | U21: Get Delays | V21: medium | W21: 29.514342 | X21: delay,line,lineID,stops | Y21: true | Z21: 42.05845 | AA21: delay,line,lineID,stops | AB21: true | AC21: 11.65914 | AD21: delay | AE21: true | AF21: 22.623832 | AG21: a1,a6,a8,a9 | AH21: false | AI21: 15.914162 | AJ21: Yes | AK21: false | AL21: Create Program | AM21: Get Delays | AN21: medium | AO21: 59.027002 | AP21: 1 | AQ21: 1 | AR21: Ãbersichtlichkeit, remembering what is read and what is written (as in symbols), what is included in condition statements | AS21: =IF(AND(G21="true",J21="true",M21="true",P21="true",S21="true"),"true","false") -> false | AT21: =IF(AND(Y21="true",AB21="true",AE21="true",AH21="true",AK21="true"),"true","false") -> false
A22: 28fef484-a729-49ab-9fc7-ea1199c8cadf | B22: BPMN | C22: Create Program | D22: medium | E22: 26.405776 | F22: program,program_params,program_patterns,program_url | G22: true | H22: 9.110928 | I22: program_params,program_patterns,program_url | J22: true | K22: 4.772995 | L22: program | M22: true | N22: 26.814135 | O22: a1,a2 | P22: true | Q22: 6.497594 | R22: No | S22: false | T22: CPEE | U22: Get Delays | V22: medium | W22: 19.92331 | X22: delay,line,lineID,stops | Y22: true | Z22: 21.373996 | AA22: delay,line,lineID,stops | AB22: true | AC22: 6.757987 | AD22: delay | AE22: true | AF22: 21.649592 | AG22: a6,a8,a9 | AH22: true | AI22: 56.731834 | AJ22: No | AK22: true | AL22: Create Program | AM22: Get Delays | AN22: medium | AO22: 3.111102 | AP22: 1 | AQ22: 1 | AS22: =IF(AND(G22="true",J22="true",M22="true",P22="true",S22="true"),"true","false") -> false | AT22: =IF(AND(Y22="true",AB22="true",AE22="true",AH22="true",AK22="true"),"true","false") -> true
A23: 315b52ea-3bd8-4270-a304-5e9cdc831a60 | B23: BPMN | C23: Create Program | D23: medium | E23: 20.602141 | F23: program | G23: false | H23: 13.073506 | I23: program_params,program_patterns,program_url | J23: true | K23: 6.268215 | L23: program | M23: true | N23: 10.118696 | O23: a1,a2 | P23: true | Q23: 7.977425 | R23: Yes | S23: false | T23: CPEE | U23: Get Delays | V23: medium | W23: 17.00434 | X23: delay | Y23: false | Z23: 17.470199 | AA23: stopcoords,stops | AB23: false | AC23: 3.828786 | AD23: delay | AE23: true | AF23: 4.747892 | AG23: a1 | AH23: false | AI23: 3.456584 | AJ23: No | AK23: true | AL23: Create Program | AM23: Get Delays | AN23: medium | AO23: 10.036402 | AP23: 1 | AQ23: -2 | AR23: IT IS NOT LOADING | AS23: =IF(AND(G23="true",J23="true",M23="true",P23="true",S23="true"),"true","false") -> false | AT23: =IF(AND(Y23="true",AB23="true",AE23="true",AH23="true",AK23="true"),"true","false") -> false
A24: 319bf27b-b1ae-4c3f-aea2-8f29e9d3fe13 | B24: BPMN | C24: Get Delays | D24: medium | E24: 45.214843 | F24: lineID,stops | G24: false | H24: 31.506672 | I24: delay,line,lineID,stops | J24: true | K24: 12.096123 | L24: delay | M24: true | N24: 23.663808 | O24: a6,a8,a9 | P24: true | Q24: 8.460144 | R24: Yes | S24: false | T24: CPEE | U24: Create Program | V24: medium | W24: 55.839605 | Y24: false | Z24: 0.782928 | AB24: false | AC24: 0.739089 | AE24: false | AF24: 1.105634 | AH24: false | AI24: 0.911808 | AK24: false | AL24: Get Delays | AM24: Create Program | AN24: medium | AO24: 1.034308 | AS24: =IF(AND(G24="true",J24="true",M24="true",P24="true",S24="true"),"true","false") -> false | AT24: =IF(AND(Y24="true",AB24="true",AE24="true",AH24="true",AK24="true"),"true","false") -> false
A25: 326a88d5-1f2f-485d-878b-5cb3a552337d | B25: BPMN | C25: Get Delays | D25: medium | E25: 31.050046 | F25: delay,line,lineID,stops | G25: true | H25: 25.997257 | I25: delay,line,lineID,stops | J25: true | K25: 5.323843 | L25: delay | M25: true | N25: 41.270039 | O25: a8,a9 | P25: false | Q25: 56.602119 | R25: Yes | S25: false | T25: CPEE | U25: Create Program | V25: medium | W25: 79.673264 | X25: program,program_params,program_patterns,program_url | Y25: true | Z25: 12.500703 | AA25: program | AB25: false | AC25: 8.607718 | AD25: program_params,program_patterns,program_url | AE25: false | AF25: 19.278109 | AG25: a1,a2 | AH25: true | AI25: 41.493522 | AJ25: No | AK25: true | AL25: Get Delays | AM25: Create Program | AN25: medium | AO25: 59.698462 | AP25: 1 | AQ25: 2 | AR25: in large BPMN models it often becomes hard to read the process due to many lines, fows, etc. | AS25: =IF(AND(G25="true",J25="true",M25="true",P25="true",S25="true"),"true","false") -> false | AT25: =IF(AND(Y25="true",AB25="true",AE25="true",AH25="true",AK25="true"),"true","false") -> false
A26: 32a3c608-8f84-4152-b5e4-57026364062c | B26: BPMN | C26: Get Delays | D26: medium | E26: 45.232531 | F26: delay,line,lineID,stops | G26: true | H26: 17.964604 | I26: delay,line,lineID,stops | J26: true | K26: 5.799057 | L26: delay | M26: true | N26: 19.458567 | O26: a6,a8,a9 | P26: true | Q26: 25.86673 | R26: Yes | S26: false | T26: CPEE | U26: Create Program | V26: medium | W26: 67.077111 | X26: program,program_params,program_patterns,program_url | Y26: true | Z26: 16.54339 | AA26: program_params,program_patterns,program_url | AB26: true | AC26: 5.693551 | AD26: program | AE26: true | AF26: 37.681448 | AG26: a1,a2 | AH26: true | AI26: 22.257568 | AJ26: No | AK26: true | AL26: Get Delays | AM26: Create Program | AN26: medium | AO26: 8.418432 | AP26: 1 | AQ26: 0 | AS26: =IF(AND(G26="true",J26="true",M26="true",P26="true",S26="true"),"true","false") -> false | AT26: =IF(AND(Y26="true",AB26="true",AE26="true",AH26="true",AK26="true"),"true","false") -> true
A27: 32dff521-9789-4045-96bc-44f7e5fb77a2 | B27: BPMN | C27: Create Program | D27: medium | E27: 32.649137 | F27: program,program_params,program_patterns,program_url | G27: true | H27: 9.464315 | I27: program_params,program_patterns,program_url | J27: true | K27: 14.4963 | L27: program | M27: true | N27: 23.932461 | O27: a1,a2 | P27: true | Q27: 7.904633 | R27: No | S27: false | T27: CPEE | U27: Get Delays | V27: medium | W27: 16.889991 | Y27: false | Z27: 2.6217 | AB27: false | AC27: 1.867635 | AE27: false | AF27: 1.295133 | AH27: false | AI27: 1.104675 | AK27: false | AL27: Create Program | AM27: Get Delays | AN27: medium | AO27: 1.571761 | AS27: =IF(AND(G27="true",J27="true",M27="true",P27="true",S27="true"),"true","false") -> false | AT27: =IF(AND(Y27="true",AB27="true",AE27="true",AH27="true",AK27="true"),"true","false") -> false
A28: 356962de-0023-4356-bfb2-307509d7ea1b | B28: BPMN | C28: Get Delays | D28: medium | E28: 29.695025 | F28: delay,line,lineID,stops | G28: true | H28: 26.211533 | I28: delay,line,lineID,stops | J28: true | K28: 12.385812 | L28: delay | M28: true | N28: 22.91503 | O28: a6,a8,a9 | P28: true | Q28: 16.665307 | R28: I cant be sure | S28: true | T28: CPEE | U28: Create Program | V28: medium | W28: 43.492051 | X28: program,program_params,program_patterns,program_url | Y28: true | Z28: 81.078241 | AA28: program | AB28: false | AC28: 9.711134 | AD28: program_params,program_patterns,program_url | AE28: false | AF28: 119.46007 | AG28: a1,a2 | AH28: true | AI28: 16.320714 | AJ28: I cant be sure | AK28: false | AL28: Get Delays | AM28: Create Program | AN28: medium | AO28: 7.388707 | AP28: -1 | AQ28: -1 | AS28: =IF(AND(G28="true",J28="true",M28="true",P28="true",S28="true"),"true","false") -> true | AT28: =IF(AND(Y28="true",AB28="true",AE28="true",AH28="true",AK28="true"),"true","false") -> false
A29: 357e7d40-ecc5-4df5-9465-12ed6e1444bc | B29: BPMN | C29: Get Delays | D29: medium | E29: 30.858825 | F29: delay,line,lineID,stops | G29: true | H29: 14.920352 | I29: delay,line,lineID,stops | J29: true | K29: 5.499758 | L29: delay | M29: true | N29: 22.908739 | O29: a6,a8,a9 | P29: true | Q29: 33.661978 | R29: Yes | S29: false | T29: CPEE | U29: Create Program | V29: medium | W29: 36.210556 | X29: program,program_params,program_patterns,program_url | Y29: true | Z29: 22.524897 | AA29: program_params,program_patterns,program_url | AB29: true | AC29: 5.513962 | AD29: program | AE29: true | AF29: 17.193887 | AG29: a1,a2 | AH29: true | AI29: 42.494473 | AJ29: No | AK29: true | AL29: Get Delays | AM29: Create Program | AN29: medium | AO29: 2.502839 | AP29: 1 | AQ29: 1 | AS29: =IF(AND(G29="true",J29="true",M29="true",P29="true",S29="true"),"true","false") -> false | AT29: =IF(AND(Y29="true",AB29="true",AE29="true",AH29="true",AK29="true"),"true","false") -> true
A30: 366529b0-ff90-4510-8061-90bc00418848 | B30: BPMN | C30: Create Program | D30: medium | E30: 35.411397 | F30: program,program_params,program_patterns,program_url | G30: true | H30: 34.453982 | I30: program_params,program_patterns,program_url | J30: true | K30: 9.789767 | L30: program | M30: true | N30: 23.913744 | O30: a1,a2 | P30: true | Q30: 22.838593 | R30: Yes | S30: false | T30: CPEE | U30: Get Delays | V30: medium | W30: 35.101361 | X30: delay,line,lineID,stops | Y30: true | Z30: 28.424708 | AA30: delay,line,lineID,stops | AB30: true | AC30: 32.475465 | AD30: delay | AE30: true | AF30: 36.075887 | AG30: a6,a8,a9 | AH30: true | AI30: 15.495923 | AJ30: Yes | AK30: false | AL30: Create Program | AM30: Get Delays | AN30: medium | AO30: 4.528365 | AP30: 0 | AQ30: 0 | AS30: =IF(AND(G30="true",J30="true",M30="true",P30="true",S30="true"),"true","false") -> false | AT30: =IF(AND(Y30="true",AB30="true",AE30="true",AH30="true",AK30="true"),"true","false") -> false
A31: 368e1740-27fa-4109-8e8f-aaeddde6fd52 | B31: BPMN | C31: Create Program | D31: medium | E31: 57.175512 | F31: program,program_params,program_patterns,program_url | G31: true | H31: 25.656721 | I31: program_params,program_patterns,program_url | J31: true | K31: 21.162408 | L31: program | M31: true | N31: 38.537358 | O31: a1,a2 | P31: true | Q31: 19.791908 | R31: No | S31: false | T31: CPEE | U31: Get Delays | V31: medium | W31: 64.08783 | X31: delay,line,lineID,stops | Y31: true | Z31: 42.930147 | AA31: line,lineID,stops | AB31: false | AC31: 37.842412 | AE31: false | AF31: 28.890521 | AG31: a6,a8,a9 | AH31: true | AI31: 30.0959 | AJ31: Yes | AK31: false | AL31: Create Program | AM31: Get Delays | AN31: medium | AO31: 42.855745 | AP31: 0 | AQ31: 0 | AR31: How to recognize which element is part of a loop; difference between blue dot on the line vs. next to the line | AS31: =IF(AND(G31="true",J31="true",M31="true",P31="true",S31="true"),"true","false") -> false | AT31: =IF(AND(Y31="true",AB31="true",AE31="true",AH31="true",AK31="true"),"true","false") -> false
A32: 3716533a-f331-4278-ac38-2c2680489834 | B32: BPMN | C32: Get Delays | D32: medium | E32: 35.185173 | F32: delay,line,lineID,stops | G32: true | H32: 19.934299 | I32: delay,line,lineID,stops | J32: true | K32: 10.335619 | L32: delay | M32: true | N32: 22.228757 | O32: a6,a8,a9 | P32: true | Q32: 12.606309 | R32: Yes | S32: false | T32: CPEE | U32: Create Program | V32: medium | W32: 86.984535 | X32: program,program_params,program_patterns,program_url | Y32: true | Z32: 16.281197 | AA32: program_params,program_patterns,program_url | AB32: true | AC32: 5.942316 | AD32: program | AE32: true | AF32: 15.238106 | AG32: a1,a2 | AH32: true | AI32: 21.144226 | AJ32: No | AK32: true | AL32: Get Delays | AM32: Create Program | AN32: medium | AO32: 4.512169 | AP32: 0 | AQ32: 0 | AS32: =IF(AND(G32="true",J32="true",M32="true",P32="true",S32="true"),"true","false") -> false | AT32: =IF(AND(Y32="true",AB32="true",AE32="true",AH32="true",AK32="true"),"true","false") -> true
A33: 38ba51cc-1e23-4c05-86d0-914b7d773ed0 | B33: BPMN | C33: Get Delays | D33: medium | E33: 33.257483 | F33: delay,line,lineID,stops | G33: true | H33: 28.901315 | I33: delay,line,lineID,stops | J33: true | K33: 14.752652 | L33: delay | M33: true | N33: 21.871042 | O33: a6,a8,a9 | P33: true | Q33: 94.945339 | R33: No | S33: false | T33: CPEE | U33: Create Program | V33: medium | W33: 21.540345 | X33: program,program_params,program_patterns,program_url | Y33: true | Z33: 11.50521 | AA33: program_params,program_patterns,program_url | AB33: true | AC33: 5.334127 | AD33: program | AE33: true | AF33: 29.292685 | AG33: a1,a2 | AH33: true | AI33: 12.486282 | AJ33: No | AK33: true | AL33: Get Delays | AM33: Create Program | AN33: medium | AO33: 4.19508 | AP33: 0 | AQ33: 0 | AS33: =IF(AND(G33="true",J33="true",M33="true",P33="true",S33="true"),"true","false") -> false | AT33: =IF(AND(Y33="true",AB33="true",AE33="true",AH33="true",AK33="true"),"true","false") -> true
A34: 3961484e-8fdc-4e6f-aaf0-0a0eef103fcc | B34: BPMN | C34: Create Program | D34: medium | E34: 32.598218 | F34: program_params,program_patterns,program_url | G34: false | H34: 13.388479 | I34: program | J34: false | K34: 25.018103 | L34: program | M34: true | N34: 30.937878 | O34: a1,a2,a8 | P34: false | Q34: 17.713257 | R34: No | S34: false | T34: CPEE | U34: Get Delays | V34: medium | W34: 38.178912 | X34: line,lineID,stops | Y34: false | Z34: 26.103334 | AA34: delay | AB34: false | AC34: 30.915123 | AD34: line,lineID,stops | AE34: false | AF34: 44.870392 | AH34: false | AI34: 15.489676 | AJ34: Yes | AK34: false | AL34: Create Program | AM34: Get Delays | AN34: medium | AO34: 6.933015 | AP34: 2 | AQ34: 0 | AS34: =IF(AND(G34="true",J34="true",M34="true",P34="true",S34="true"),"true","false") -> false | AT34: =IF(AND(Y34="true",AB34="true",AE34="true",AH34="true",AK34="true"),"true","false") -> false
A35: 396fbf7d-8aaf-4854-88c9-955c9be5bb2d | B35: BPMN | C35: Create Program | D35: medium | E35: 32.007435 | F35: program,program_params,program_patterns,program_url | G35: true | H35: 12.104321 | I35: program_params,program_patterns,program_url | J35: true | K35: 4.686832 | L35: program | M35: true | N35: 23.546774 | O35: a1,a2 | P35: true | Q35: 7.08677 | R35: No | S35: false | T35: CPEE | U35: Get Delays | V35: medium | W35: 52.573512 | X35: delay,line,lineID,stops | Y35: true | Z35: 10.424012 | AA35: line,lineID,stops | AB35: false | AC35: 11.712161 | AD35: delay | AE35: true | AF35: 30.249843 | AG35: a6,a8,a9 | AH35: true | AI35: 18.543906 | AJ35: No | AK35: true | AL35: Create Program | AM35: Get Delays | AN35: medium | AO35: 38.136129 | AP35: 1 | AQ35: 1 | AR35: I forgot the meaning of the blue point, then I remembered. | AS35: =IF(AND(G35="true",J35="true",M35="true",P35="true",S35="true"),"true","false") -> false | AT35: =IF(AND(Y35="true",AB35="true",AE35="true",AH35="true",AK35="true"),"true","false") -> false
A36: 3aec01e5-7bd2-46ce-bf8a-a2c6a71f1f79 | B36: BPMN | C36: Create Program | D36: medium | E36: 15.501712 | F36: program,program_params,program_patterns,program_url | G36: true | H36: 12.321626 | I36: program_params,program_patterns,program_url | J36: true | K36: 4.568255 | L36: program | M36: true | N36: 19.691819 | O36: a1,a2 | P36: true | Q36: 8.475245 | R36: No | S36: false | T36: CPEE | U36: Get Delays | V36: medium | W36: 16.192254 | X36: line,lineID,stopcoords,stops | Y36: false | Z36: 42.633025 | AA36: line,lineID,stops | AB36: false | AC36: 1.62677 | AE36: false | AF36: 18.869159 | AG36: a6,a8,a9 | AH36: true | AI36: 17.180047 | AJ36: No | AK36: true | AL36: Create Program | AM36: Get Delays | AN36: medium | AO36: 6.349537 | AP36: 2 | AQ36: -1 | AS36: =IF(AND(G36="true",J36="true",M36="true",P36="true",S36="true"),"true","false") -> false | AT36: =IF(AND(Y36="true",AB36="true",AE36="true",AH36="true",AK36="true"),"true","false") -> false
A37: 3b96f7c4-3665-415c-8f91-7dd0aeb063b7 | B37: BPMN | C37: Get Delays | D37: medium | E37: 22.607248 | F37: delay,line,lineID,stops | G37: true | H37: 14.345925 | I37: delay,line,lineID,stops | J37: true | K37: 8.337695 | L37: delay | M37: true | N37: 29.846192 | O37: a6,a8,a9 | P37: true | Q37: 45.68641 | R37: Yes | S37: false | T37: CPEE | U37: Create Program | V37: medium | W37: 20.908913 | X37: program,program_params,program_patterns,program_url | Y37: true | Z37: 11.672422 | AA37: program_params,program_patterns,program_url | AB37: true | AC37: 0.344202 | AE37: false | AF37: 37.251923 | AG37: a1,a2 | AH37: true | AI37: 11.685201 | AJ37: No | AK37: true | AL37: Get Delays | AM37: Create Program | AN37: medium | AO37: 67.796104 | AP37: 1 | AQ37: 1 | AR37: Not really, the only "problem" i really face is unfamiliarity. I just have to think about stuff for a second | AS37: =IF(AND(G37="true",J37="true",M37="true",P37="true",S37="true"),"true","false") -> false | AT37: =IF(AND(Y37="true",AB37="true",AE37="true",AH37="true",AK37="true"),"true","false") -> false
A38: 3f0fef8a-9424-4767-878f-268b553b94bd | B38: BPMN | C38: Create Program | D38: medium | E38: 20.665645 | F38: program,program_params,program_patterns,program_url | G38: true | H38: 9.278596 | I38: program_params,program_patterns,program_url | J38: true | K38: 4.913327 | L38: program | M38: true | N38: 25.633219 | O38: a1,a2 | P38: true | Q38: 30.746245 | R38: No | S38: false | T38: CPEE | U38: Get Delays | V38: medium | W38: 25.883271 | X38: line,lineID,stops | Y38: false | Z38: 10.091275 | AA38: line,lineID,stops | AB38: false | AC38: 38.407057 | AD38: delay | AE38: true | AF38: 37.710464 | AG38: a6,a8,a9 | AH38: true | AI38: 22.059869 | AJ38: Yes | AK38: false | AL38: Create Program | AM38: Get Delays | AN38: medium | AO38: 7.558243 | AP38: -2 | AQ38: 0 | AS38: =IF(AND(G38="true",J38="true",M38="true",P38="true",S38="true"),"true","false") -> false | AT38: =IF(AND(Y38="true",AB38="true",AE38="true",AH38="true",AK38="true"),"true","false") -> false
A39: 43ada842-aaeb-4fac-b98f-84b5e18878cb | B39: BPMN | C39: Get Delays | D39: medium | E39: 25.55342 | F39: delay,line,lineID,stops | G39: true | H39: 14.325728 | I39: delay,line,lineID,stops | J39: true | K39: 7.973732 | L39: delay | M39: true | N39: 17.39842 | O39: a6,a8,a9 | P39: true | Q39: 19.469438 | R39: Yes | S39: false | T39: CPEE | U39: Create Program | V39: medium | W39: 38.970209 | X39: program,program_params,program_patterns,program_url | Y39: true | Z39: 13.546398 | AA39: program_params,program_patterns,program_url | AB39: true | AC39: 26.268035 | AD39: program | AE39: true | AF39: 11.423123 | AG39: a2 | AH39: false | AI39: 29.272618 | AJ39: Yes | AK39: false | AL39: Get Delays | AM39: Create Program | AN39: medium | AO39: 6.940302 | AP39: 1 | AQ39: -1 | AS39: =IF(AND(G39="true",J39="true",M39="true",P39="true",S39="true"),"true","false") -> false | AT39: =IF(AND(Y39="true",AB39="true",AE39="true",AH39="true",AK39="true"),"true","false") -> false
A40: 47578adf-ba49-40a3-96fb-8b6048f52660 | B40: BPMN | C40: Create Program | D40: medium | E40: 27.465554 | F40: program,program_params,program_patterns,program_url | G40: true | H40: 13.740057 | I40: program | J40: false | K40: 9.847372 | L40: program_params,program_patterns,program_url | M40: false | N40: 19.848018 | O40: a1,a2 | P40: true | Q40: 9.286975 | R40: I cant be sure | S40: true | T40: CPEE | U40: Get Delays | V40: medium | W40: 149.06769 | X40: delay,line,lineID,stops | Y40: true | Z40: 24.876524 | AA40: delay | AB40: false | AC40: 18.612018 | AD40: line,lineID,stops | AE40: false | AF40: 21.102188 | AG40: a6,a8 | AH40: false | AI40: 11.478482 | AJ40: I cant be sure | AK40: false | AL40: Create Program | AM40: Get Delays | AN40: medium | AO40: 3.602837 | AS40: =IF(AND(G40="true",J40="true",M40="true",P40="true",S40="true"),"true","false") -> false | AT40: =IF(AND(Y40="true",AB40="true",AE40="true",AH40="true",AK40="true"),"true","false") -> false
A41: 4e0262a1-a522-4575-aeec-4713d0554326 | B41: BPMN | C41: Get Delays | D41: medium | E41: 20.457459 | F41: stops | G41: false | H41: 15.047231 | I41: line,stops | J41: false | K41: 12.818416 | L41: delay | M41: true | N41: 53.29396 | O41: a4,a6,a8 | P41: false | Q41: 23.030766 | R41: Yes | S41: false | T41: CPEE | U41: Create Program | V41: medium | W41: 21.250145 | X41: program,program_params,program_patterns,program_url | Y41: true | Z41: 19.092633 | AA41: program_params,program_patterns,program_url | AB41: true | AC41: 7.98835 | AD41: program | AE41: true | AF41: 18.929811 | AG41: a1,a2 | AH41: true | AI41: 15.365883 | AJ41: Yes | AK41: false | AL41: Get Delays | AM41: Create Program | AN41: medium | AO41: 5.751828 | AP41: 0 | AQ41: 0 | AS41: =IF(AND(G41="true",J41="true",M41="true",P41="true",S41="true"),"true","false") -> false | AT41: =IF(AND(Y41="true",AB41="true",AE41="true",AH41="true",AK41="true"),"true","false") -> false
A42: 51cc4264-d102-4524-a3ab-7dc7abbd89c8 | B42: BPMN | C42: Get Delays | D42: medium | E42: 60.767218 | F42: delay,line,lineID,stops | G42: true | H42: 25.86239 | I42: delay,line,lineID,stops | J42: true | K42: 14.928049 | L42: delay | M42: true | N42: 30.124015 | O42: a6,a8,a9 | P42: true | Q42: 58.962013 | R42: Yes | S42: false | T42: CPEE | U42: Create Program | V42: medium | W42: 25.522723 | X42: program,program_params,program_patterns,program_url | Y42: true | Z42: 14.689746 | AA42: program_params,program_patterns,program_url | AB42: true | AC42: 5.315232 | AD42: program | AE42: true | AF42: 23.646823 | AG42: a1,a2 | AH42: true | AI42: 36.263673 | AJ42: No | AK42: true | AL42: Get Delays | AM42: Create Program | AN42: medium | AO42: 7.66639 | AP42: -1 | AQ42: 0 | AS42: =IF(AND(G42="true",J42="true",M42="true",P42="true",S42="true"),"true","false") -> false | AT42: =IF(AND(Y42="true",AB42="true",AE42="true",AH42="true",AK42="true"),"true","false") -> true
A43: 52b3f503-9754-4d5d-8d03-cbd47abb7487 | B43: BPMN | C43: Get Delays | D43: medium | E43: 53.656367 | F43: delay,line,lineID,stops | G43: true | H43: 24.268533 | I43: delay,line,lineID,stops | J43: true | K43: 9.333981 | L43: delay | M43: true | N43: 22.477679 | O43: a8,a9 | P43: false | Q43: 8.608941 | R43: Yes | S43: false | T43: CPEE | U43: Create Program | V43: medium | W43: 20.468529 | X43: current_tray,initial,program,program_params,program_patterns,program_url,qr | Y43: false | Z43: 17.109414 | AA43: program_params,program_patterns,program_url | AB43: true | AC43: 10.57421 | AD43: program | AE43: true | AF43: 14.856413 | AG43: a1,a2 | AH43: true | AI43: 15.161394 | AJ43: Yes | AK43: false | AL43: Get Delays | AM43: Create Program | AN43: medium | AO43: 150.95676 | AP43: 1 | AQ43: 1 | AR43: Nein, kann auch gerne komplexer werden, aber vielleicht nochmal zusammen mit den Studenten eine solche Aufgabe machen und nochmal alles erklÃÂ¤ren, nicht das irgendwo ein MissverstÃÂ¤ndnis aufkommt und dann jeder dieser Aufgaben bei einer Teilaufgabe falsch gelÃÂ¶st wird. Vor allem nochmal mit den Condititons. Sonst top. | AS43: =IF(AND(G43="true",J43="true",M43="true",P43="true",S43="true"),"true","false") -> false | AT43: =IF(AND(Y43="true",AB43="true",AE43="true",AH43="true",AK43="true"),"true","false") -> false
A44: 52bef86b-aed1-4680-94b1-43477539aceb | B44: BPMN | C44: Get Delays | D44: medium | E44: 26.186985 | F44: delay,line,lineID,stops | G44: true | H44: 16.087895 | I44: delay,line,lineID,stops | J44: true | K44: 7.745956 | L44: delay | M44: true | N44: 15.563642 | O44: a6,a8,a9 | P44: true | Q44: 20.934659 | R44: Yes | S44: false | T44: CPEE | U44: Create Program | V44: medium | W44: 19.587566 | X44: program,program_params,program_patterns,program_url | Y44: true | Z44: 76.811676 | AA44: program | AB44: false | AC44: 6.231113 | AD44: program_params,program_patterns,program_url | AE44: false | AF44: 18.418062 | AG44: a1,a2 | AH44: true | AI44: 19.49591 | AJ44: Yes | AK44: false | AL44: Get Delays | AM44: Create Program | AN44: medium | AO44: 12.063001 | AP44: 2 | AQ44: 0 | AR44: same as before | AS44: =IF(AND(G44="true",J44="true",M44="true",P44="true",S44="true"),"true","false") -> false | AT44: =IF(AND(Y44="true",AB44="true",AE44="true",AH44="true",AK44="true"),"true","false") -> false
A45: 52cef19d-127a-4867-b7f3-94603909cdd0 | B45: BPMN | C45: Get Delays | D45: medium | E45: 122.40541 | F45: delay,line,lineID,stops | G45: true | H45: 33.688085 | I45: delay,line,lineID,stops | J45: true | K45: 7.915212 | L45: delay | M45: true | N45: 143.71209 | O45: a6,a8,a9 | P45: true | Q45: 5.719834 | R45: I cant be sure | S45: true | T45: CPEE | U45: Create Program | V45: medium | W45: 22.237051 | X45: program,program_params,program_patterns,program_url | Y45: true | Z45: 40.766325 | AA45: program_params,program_patterns,program_url | AB45: true | AC45: 5.060297 | AD45: program | AE45: true | AF45: 67.849535 | AG45: a1,a2 | AH45: true | AI45: 53.044775 | AJ45: I cant be sure | AK45: false | AL45: Get Delays | AM45: Create Program | AN45: medium | AO45: 9.990877 | AP45: 0 | AQ45: 1 | AS45: =IF(AND(G45="true",J45="true",M45="true",P45="true",S45="true"),"true","false") -> true | AT45: =IF(AND(Y45="true",AB45="true",AE45="true",AH45="true",AK45="true"),"true","false") -> false
A46: 550a3812-444e-457a-9723-ad4d9256915b | B46: BPMN | C46: Get Delays | D46: medium | E46: 40.222271 | F46: delay,line,lineID,stops | G46: true | H46: 14.22079 | I46: delay,line,lineID,stops | J46: true | K46: 3.211258 | M46: false | N46: 17.533512 | O46: a6,a8,a9 | P46: true | Q46: 22.767972 | R46: I cant be sure | S46: true | T46: CPEE | U46: Create Program | V46: medium | W46: 49.283369 | X46: program,program_params,program_patterns,program_url | Y46: true | Z46: 8.160137 | AA46: program_params,program_patterns,program_url | AB46: true | AC46: 6.415451 | AD46: program | AE46: true | AF46: 16.910665 | AG46: a2 | AH46: false | AI46: 10.409731 | AJ46: Yes | AK46: false | AL46: Get Delays | AM46: Create Program | AN46: medium | AO46: 5.672477 | AP46: -2 | AQ46: 1 | AS46: =IF(AND(G46="true",J46="true",M46="true",P46="true",S46="true"),"true","false") -> false | AT46: =IF(AND(Y46="true",AB46="true",AE46="true",AH46="true",AK46="true"),"true","false") -> false
A47: 55d65560-ea62-4b9e-a170-0a21a5d05989 | B47: BPMN | C47: Get Delays | D47: medium | E47: 23.597642 | F47: delay,line,lineID | G47: false | H47: 15.927933 | I47: delay,line,lineID,stops | J47: true | K47: 4.943199 | L47: delay | M47: true | N47: 22.385439 | O47: a6,a8,a9 | P47: true | Q47: 7.886234 | R47: No | S47: false | T47: CPEE | U47: Create Program | V47: medium | W47: 3.116153 | Y47: false | Z47: 0.60271 | AB47: false | AC47: 1.664567 | AE47: false | AF47: 3.279565 | AH47: false | AI47: 0.972243 | AK47: false | AL47: Get Delays | AM47: Create Program | AN47: medium | AO47: 11.252028 | AP47: 2 | AQ47: -2 | AS47: =IF(AND(G47="true",J47="true",M47="true",P47="true",S47="true"),"true","false") -> false | AT47: =IF(AND(Y47="true",AB47="true",AE47="true",AH47="true",AK47="true"),"true","false") -> false
A48: 59077794-31e4-4fa7-9af2-585de6914e75 | B48: BPMN | C48: Get Delays | D48: medium | E48: 121.09751 | F48: delay,line,lineID,stops | G48: true | H48: 14.650526 | I48: delay,line,lineID,stops | J48: true | K48: 12.320935 | L48: delay | M48: true | N48: 50.215631 | P48: false | Q48: 3.647467 | R48: I cant be sure | S48: true | T48: CPEE | U48: Create Program | V48: medium | W48: 51.707082 | Y48: false | Z48: 2.478567 | AB48: false | AC48: 1.112127 | AE48: false | AF48: 1.178051 | AH48: false | AI48: 1.094746 | AK48: false | AL48: Get Delays | AM48: Create Program | AN48: medium | AO48: 46.65965 | AS48: =IF(AND(G48="true",J48="true",M48="true",P48="true",S48="true"),"true","false") -> false | AT48: =IF(AND(Y48="true",AB48="true",AE48="true",AH48="true",AK48="true"),"true","false") -> false
A49: 5f17c0eb-e84e-4fda-89e9-66b28d7d7378 | B49: BPMN | C49: Get Delays | D49: medium | E49: 17.902629 | F49: delay,line,lineID,stops | G49: true | H49: 19.043578 | I49: delay,line,lineID,stops | J49: true | K49: 6.784043 | L49: delay | M49: true | N49: 15.844376 | O49: a6,a8,a9 | P49: true | Q49: 12.169384 | R49: Yes | S49: false | T49: CPEE | U49: Create Program | V49: medium | W49: 14.565012 | X49: program,program_params,program_patterns,program_url | Y49: true | Z49: 12.734159 | AA49: program_params,program_patterns,program_url | AB49: true | AC49: 3.890755 | AD49: program | AE49: true | AF49: 29.076123 | AG49: a1,a2,a3,a4,a5,a7,a8 | AH49: false | AI49: 12.156955 | AJ49: No | AK49: true | AL49: Get Delays | AM49: Create Program | AN49: medium | AO49: 12.359931 | AP49: 1 | AQ49: 1 | AS49: =IF(AND(G49="true",J49="true",M49="true",P49="true",S49="true"),"true","false") -> false | AT49: =IF(AND(Y49="true",AB49="true",AE49="true",AH49="true",AK49="true"),"true","false") -> false
A50: 608b1d32-b2b9-47a1-8ae1-251ca5b0c244 | B50: BPMN | C50: Create Program | D50: medium | E50: 32.157761 | F50: program,program_params,program_patterns,program_url | G50: true | H50: 18.635726 | I50: program_params,program_patterns,program_url | J50: true | K50: 4.970666 | L50: program | M50: true | N50: 11.041145 | O50: a1,a2 | P50: true | Q50: 17.370699 | R50: No | S50: false | T50: CPEE | U50: Get Delays | V50: medium | W50: 18.384604 | X50: delay,line,lineID,stops | Y50: true | Z50: 21.38642 | AA50: delay,line,lineID,stops | AB50: true | AC50: 6.905843 | AD50: delay | AE50: true | AF50: 24.535284 | AG50: a6,a8,a9 | AH50: true | AI50: 9.128223 | AJ50: Yes | AK50: false | AL50: Create Program | AM50: Get Delays | AN50: medium | AO50: 14.857819 | AP50: 1 | AQ50: 0 | AS50: =IF(AND(G50="true",J50="true",M50="true",P50="true",S50="true"),"true","false") -> false | AT50: =IF(AND(Y50="true",AB50="true",AE50="true",AH50="true",AK50="true"),"true","false") -> false
A51: 60d1350e-2a5d-47cd-9739-b32818593a40 | B51: BPMN | C51: Get Delays | D51: medium | E51: 88.630143 | F51: delay,line,stops | G51: false | H51: 25.903682 | I51: delay,line,stops | J51: false | K51: 5.130944 | L51: delay | M51: true | N51: 17.461712 | O51: a6,a8,a9 | P51: true | Q51: 7.271901 | R51: No | S51: false | T51: CPEE | U51: Create Program | V51: medium | W51: 85.99702 | X51: current_tray,initial,program,program_params,program_patterns,program_url,qr | Y51: false | Z51: 18.633494 | AA51: current_tray,initial,program,program_params,program_patterns,program_url,qr | AB51: false | AC51: 8.868745 | AD51: current_tray,initial,program,qr | AE51: false | AF51: 24.858011 | AG51: a1,a2,a3,a4,a5,a7,a8 | AH51: false | AI51: 4.640762 | AJ51: Yes | AK51: false | AL51: Get Delays | AM51: Create Program | AN51: medium | AO51: 10.286323 | AS51: =IF(AND(G51="true",J51="true",M51="true",P51="true",S51="true"),"true","false") -> false | AT51: =IF(AND(Y51="true",AB51="true",AE51="true",AH51="true",AK51="true"),"true","false") -> false
A52: 622e1afa-17e7-47f3-9cb3-1a82a8e1080e | B52: BPMN | C52: Get Delays | D52: medium | E52: 23.266198 | F52: delay,line,lineID,stops | G52: true | H52: 17.534097 | I52: delay,line,lineID,stops | J52: true | K52: 6.900459 | L52: delay | M52: true | N52: 32.918894 | O52: a6,a8,a9 | P52: true | Q52: 20.080627 | R52: I cant be sure | S52: true | T52: CPEE | U52: Create Program | V52: medium | W52: 36.249366 | X52: program,program_params,program_patterns,program_url | Y52: true | Z52: 15.322286 | AA52: program_params,program_patterns,program_url | AB52: true | AC52: 4.471191 | AD52: program | AE52: true | AF52: 35.762079 | AG52: a1,a2 | AH52: true | AI52: 16.380787 | AJ52: No | AK52: true | AL52: Get Delays | AM52: Create Program | AN52: medium | AO52: 6.974947 | AP52: 1 | AQ52: 2 | AS52: =IF(AND(G52="true",J52="true",M52="true",P52="true",S52="true"),"true","false") -> true | AT52: =IF(AND(Y52="true",AB52="true",AE52="true",AH52="true",AK52="true"),"true","false") -> true
A53: 62404065-6c53-4177-beb0-85231866f613 | B53: BPMN | C53: Get Delays | D53: medium | E53: 32.655548 | F53: delay,line,lineID,stops | G53: true | H53: 34.833302 | I53: delay,line,lineID,stops | J53: true | K53: 7.445221 | L53: delay | M53: true | N53: 32.81756 | O53: a6,a8,a9 | P53: true | Q53: 32.456958 | R53: Yes | S53: false | T53: CPEE | U53: Create Program | V53: medium | W53: 28.54241 | X53: program,program_params,program_patterns,program_url | Y53: true | Z53: 21.693415 | AA53: program_params,program_patterns,program_url | AB53: true | AC53: 14.556063 | AD53: program | AE53: true | AF53: 30.037126 | AG53: a1,a2 | AH53: true | AI53: 27.417793 | AJ53: No | AK53: true | AL53: Get Delays | AM53: Create Program | AN53: medium | AO53: 51.521405 | AP53: 1 | AQ53: 2 | AR53: Traditional BPMN was harder to read, due to higher complexity | AS53: =IF(AND(G53="true",J53="true",M53="true",P53="true",S53="true"),"true","false") -> false | AT53: =IF(AND(Y53="true",AB53="true",AE53="true",AH53="true",AK53="true"),"true","false") -> true
A54: 62d1bf34-6a8c-4209-a8f3-0ea1aac78ace | B54: BPMN | C54: Get Delays | D54: medium | E54: 19.239936 | F54: delay,line,lineID,stops | G54: true | H54: 16.832068 | I54: delay,line,lineID,stops | J54: true | K54: 8.512968 | L54: delay | M54: true | N54: 21.415357 | O54: a6,a8,a9 | P54: true | Q54: 20.059603 | R54: Yes | S54: false | T54: CPEE | U54: Create Program | V54: medium | W54: 23.2236 | X54: program,program_params,program_patterns,program_url | Y54: true | Z54: 12.031025 | AA54: program_params,program_patterns,program_url | AB54: true | AC54: 11.182983 | AD54: program | AE54: true | AF54: 19.404981 | AG54: a1,a2 | AH54: true | AI54: 14.187285 | AJ54: No | AK54: true | AL54: Get Delays | AM54: Create Program | AN54: medium | AO54: 8.703799 | AP54: 1 | AQ54: 1 | AS54: =IF(AND(G54="true",J54="true",M54="true",P54="true",S54="true"),"true","false") -> false | AT54: =IF(AND(Y54="true",AB54="true",AE54="true",AH54="true",AK54="true"),"true","false") -> true
A55: 64463dd1-98c1-4877-894a-972a313fc694 | B55: BPMN | C55: Create Program | D55: medium | E55: 28.835891 | F55: program,program_params,program_patterns,program_url | G55: true | H55: 16.791693 | I55: program_params,program_patterns,program_url | J55: true | K55: 6.158967 | L55: program | M55: true | N55: 31.008782 | O55: a1,a2 | P55: true | Q55: 12.340966 | R55: No | S55: false | T55: CPEE | U55: Get Delays | V55: medium | W55: 26.873974 | X55: delay,line,lineID,stops | Y55: true | Z55: 43.460956 | AA55: delay,line,lineID,stops | AB55: true | AC55: 11.131217 | AD55: delay | AE55: true | AF55: 39.050703 | AG55: a6,a8,a9 | AH55: true | AI55: 15.773171 | AJ55: No | AK55: true | AL55: Create Program | AM55: Get Delays | AN55: medium | AO55: 56.421914 | AP55: -1 | AQ55: -1 | AS55: =IF(AND(G55="true",J55="true",M55="true",P55="true",S55="true"),"true","false") -> false | AT55: =IF(AND(Y55="true",AB55="true",AE55="true",AH55="true",AK55="true"),"true","false") -> true
A56: 64df044a-28f6-4c0e-9184-3cb33c9b87f9 | B56: BPMN | C56: Get Delays | D56: medium | E56: 47.317324 | F56: delay,line,lineID,stops | G56: true | H56: 24.883021 | I56: delay,line,lineID,stops | J56: true | K56: 5.940085 | L56: delay | M56: true | N56: 30.494675 | O56: a8,a9 | P56: false | Q56: 16.116128 | R56: Yes | S56: false | T56: CPEE | U56: Create Program | V56: medium | W56: 56.697252 | X56: program,program_params,program_patterns,program_url | Y56: true | Z56: 16.530288 | AA56: program_params,program_patterns,program_url | AB56: true | AC56: 8.190433 | AD56: program | AE56: true | AF56: 22.121442 | AG56: a1,a2 | AH56: true | AI56: 16.453276 | AJ56: No | AK56: true | AL56: Get Delays | AM56: Create Program | AN56: medium | AO56: 13.370865 | AP56: -1 | AQ56: 1 | AS56: =IF(AND(G56="true",J56="true",M56="true",P56="true",S56="true"),"true","false") -> false | AT56: =IF(AND(Y56="true",AB56="true",AE56="true",AH56="true",AK56="true"),"true","false") -> true
A57: 6c804c5b-a09d-4056-8229-e816d1da668e | B57: BPMN | C57: Create Program | D57: medium | E57: 17.972793 | F57: program,program_params,program_patterns,program_url | G57: true | H57: 10.827981 | I57: program_params,program_patterns,program_url | J57: true | K57: 3.97944 | L57: program | M57: true | N57: 18.633098 | O57: a1,a2 | P57: true | Q57: 16.51536 | R57: No | S57: false | T57: CPEE | U57: Get Delays | V57: medium | W57: 18.252554 | X57: delay,line,lineID,stops | Y57: true | Z57: 9.033137 | AA57: delay | AB57: false | AC57: 11.219801 | AD57: delay,line,lineID,stops | AE57: false | AF57: 31.117801 | AG57: a6,a8,a9 | AH57: true | AI57: 14.273832 | AJ57: No | AK57: true | AL57: Create Program | AM57: Get Delays | AN57: medium | AO57: 15.383057 | AP57: 1 | AQ57: 1 | AS57: =IF(AND(G57="true",J57="true",M57="true",P57="true",S57="true"),"true","false") -> false | AT57: =IF(AND(Y57="true",AB57="true",AE57="true",AH57="true",AK57="true"),"true","false") -> false
A58: 6e6b711d-3263-474f-bd0b-a929d6c0a3f8 | B58: BPMN | C58: Create Program | D58: medium | E58: 25.33497 | F58: program,program_params,program_patterns,program_url | G58: true | H58: 7.796012 | I58: program_params,program_patterns,program_url | J58: true | K58: 4.351091 | L58: program | M58: true | N58: 19.557515 | O58: a1,a2 | P58: true | Q58: 21.123556 | R58: Yes | S58: false | T58: CPEE | U58: Get Delays | V58: medium | W58: 23.62058 | X58: delay,line,lineID,stops | Y58: true | Z58: 13.972908 | AA58: delay | AB58: false | AC58: 8.918419 | AD58: line,lineID,stops | AE58: false | AF58: 19.135122 | AG58: a6,a8,a9 | AH58: true | AI58: 9.772578 | AJ58: No | AK58: true | AL58: Create Program | AM58: Get Delays | AN58: medium | AO58: 3.331726 | AP58: -1 | AQ58: 1 | AS58: =IF(AND(G58="true",J58="true",M58="true",P58="true",S58="true"),"true","false") -> false | AT58: =IF(AND(Y58="true",AB58="true",AE58="true",AH58="true",AK58="true"),"true","false") -> false
A59: 70444a97-1c51-43ea-a61f-e63a7d3ec3ec | B59: BPMN | C59: Get Delays | D59: medium | E59: 25.523688 | F59: delay,line,lineID,stops | G59: true | H59: 21.0019 | I59: delay,line,lineID,stops | J59: true | K59: 5.707827 | L59: delay | M59: true | N59: 23.454321 | O59: a6,a8,a9 | P59: true | Q59: 22.6134 | R59: Yes | S59: false | T59: CPEE | U59: Create Program | V59: medium | W59: 29.885438 | Y59: false | Z59: 0.603131 | AB59: false | AC59: 1.488316 | AE59: false | AF59: 1.035449 | AH59: false | AI59: 1.166027 | AK59: false | AL59: Get Delays | AM59: Create Program | AN59: medium | AO59: 1.818102 | AS59: =IF(AND(G59="true",J59="true",M59="true",P59="true",S59="true"),"true","false") -> false | AT59: =IF(AND(Y59="true",AB59="true",AE59="true",AH59="true",AK59="true"),"true","false") -> false
A60: 73ca42ed-fdf8-49de-8c65-9c291999549d | B60: BPMN | C60: Create Program | D60: medium | E60: 20.670341 | F60: program,program_params,program_patterns,program_url | G60: true | H60: 18.890356 | I60: program_params,program_patterns,program_url | J60: true | K60: 5.999886 | L60: program | M60: true | N60: 27.882678 | O60: a1,a2 | P60: true | Q60: 8.160821 | R60: Yes | S60: false | T60: CPEE | U60: Get Delays | V60: medium | W60: 58.486361 | X60: delay | Y60: false | Z60: 6.526789 | AA60: delay | AB60: false | AC60: 7.079728 | AD60: delay | AE60: true | AF60: 6.715685 | AG60: a4,a5,a6 | AH60: false | AI60: 6.168854 | AJ60: Yes | AK60: false | AL60: Create Program | AM60: Get Delays | AN60: medium | AO60: 5.111417 | AP60: 1 | AQ60: -1 | AS60: =IF(AND(G60="true",J60="true",M60="true",P60="true",S60="true"),"true","false") -> false | AT60: =IF(AND(Y60="true",AB60="true",AE60="true",AH60="true",AK60="true"),"true","false") -> false
A61: 744e4a86-f16f-4ea4-b6dc-bd8ebe5512a2 | B61: BPMN | C61: Get Delays | D61: medium | E61: 69.530739 | F61: delay,line,lineID,stops | G61: true | H61: 22.150934 | I61: delay,line,lineID,stops | J61: true | K61: 7.765567 | L61: delay | M61: true | N61: 25.707615 | O61: a6,a8,a9 | P61: true | Q61: 60.365603 | R61: Yes | S61: false | T61: CPEE | U61: Create Program | V61: medium | W61: 16.749106 | X61: program,program_params,program_patterns,program_url | Y61: true | Z61: 16.868918 | AA61: program_params,program_patterns,program_url | AB61: true | AC61: 5.438057 | AD61: program | AE61: true | AF61: 30.218026 | AG61: a1,a2 | AH61: true | AI61: 25.221593 | AJ61: Yes | AK61: false | AL61: Get Delays | AM61: Create Program | AN61: medium | AO61: 8.92081 | AP61: 0 | AQ61: 1 | AS61: =IF(AND(G61="true",J61="true",M61="true",P61="true",S61="true"),"true","false") -> false | AT61: =IF(AND(Y61="true",AB61="true",AE61="true",AH61="true",AK61="true"),"true","false") -> false
A62: 745cd593-efb7-47c8-9b14-f37a38a492c1 | B62: BPMN | C62: Create Program | D62: medium | E62: 44.045367 | F62: program,program_params,program_patterns,program_url | G62: true | H62: 13.27047 | I62: program_params,program_patterns,program_url | J62: true | K62: 2.888028 | L62: program | M62: true | N62: 45.159777 | O62: a1,a2 | P62: true | Q62: 15.965043 | R62: Yes | S62: false | T62: CPEE | U62: Get Delays | V62: medium | W62: 2.306815 | X62: lineID | Y62: false | Z62: 0.912482 | AA62: lineID | AB62: false | AC62: 0.79813 | AD62: line | AE62: false | AF62: 1.0429 | AG62: a5 | AH62: false | AI62: 1.152443 | AJ62: No | AK62: true | AL62: Create Program | AM62: Get Delays | AN62: medium | AO62: 7.812733 | AP62: 2 | AQ62: 0 | AS62: =IF(AND(G62="true",J62="true",M62="true",P62="true",S62="true"),"true","false") -> false | AT62: =IF(AND(Y62="true",AB62="true",AE62="true",AH62="true",AK62="true"),"true","false") -> false
A63: 780bc4aa-80de-4506-8273-1c684c5e3773 | B63: BPMN | C63: Get Delays | D63: medium | E63: 59.661354 | F63: delay,line,lineID,stops | G63: true | H63: 36.562278 | I63: delay | J63: false | K63: 47.36519 | L63: construction_sites,stopcoords | M63: false | N63: 35.526794 | O63: a8,a9 | P63: false | Q63: 7.447391 | R63: Yes | S63: false | T63: CPEE | U63: Create Program | V63: medium | W63: 28.402233 | X63: program,program_params,program_patterns,program_url | Y63: true | Z63: 11.381516 | AA63: program,program_params,program_patterns,program_url | AB63: false | AC63: 6.09009 | AD63: current_tray,initial,qr | AE63: false | AF63: 12.092838 | AG63: a6,a8 | AH63: false | AI63: 3.759695 | AJ63: Yes | AK63: false | AL63: Get Delays | AM63: Create Program | AN63: medium | AO63: 3.76305 | AP63: -1 | AQ63: -1 | AS63: =IF(AND(G63="true",J63="true",M63="true",P63="true",S63="true"),"true","false") -> false | AT63: =IF(AND(Y63="true",AB63="true",AE63="true",AH63="true",AK63="true"),"true","false") -> false
A64: 792bf275-add4-42e1-bc6d-23afb3399da0 | B64: BPMN | C64: Create Program | D64: medium | E64: 56.243409 | F64: program,program_params,program_patterns,program_url | G64: true | H64: 11.470265 | I64: program_params,program_patterns,program_url | J64: true | K64: 32.660941 | L64: program | M64: true | N64: 19.65581 | O64: a1,a2 | P64: true | Q64: 8.666782 | R64: No | S64: false | T64: CPEE | U64: Get Delays | V64: medium | W64: 70.44644 | X64: delay,line,lineID,stops | Y64: true | Z64: 19.973631 | AA64: delay,line,lineID,stops | AB64: true | AC64: 16.58565 | AD64: delay | AE64: true | AF64: 23.385252 | AG64: a6,a8,a9 | AH64: true | AI64: 59.076595 | AJ64: Yes | AK64: false | AL64: Create Program | AM64: Get Delays | AN64: medium | AO64: 23.596938 | AP64: 1 | AQ64: 1 | AR64: ssenisenedi | AS64: =IF(AND(G64="true",J64="true",M64="true",P64="true",S64="true"),"true","false") -> false | AT64: =IF(AND(Y64="true",AB64="true",AE64="true",AH64="true",AK64="true"),"true","false") -> false
A65: 7b60217c-9be1-4977-ac34-8fb5a975e11e | B65: BPMN | C65: Get Delays | D65: medium | E65: 32.255971 | F65: delay,line,lineID,stops | G65: true | H65: 16.318039 | I65: delay,line,lineID,stops | J65: true | K65: 8.857904 | L65: delay | M65: true | N65: 28.632341 | O65: a6,a8,a9 | P65: true | Q65: 72.01438 | R65: Yes | S65: false | T65: CPEE | U65: Create Program | V65: medium | W65: 27.06437 | X65: program,program_params,program_patterns,program_url | Y65: true | Z65: 18.733016 | AA65: program_params,program_patterns,program_url | AB65: true | AC65: 7.580227 | AD65: program | AE65: true | AF65: 19.57336 | AG65: a1,a2 | AH65: true | AI65: 13.218087 | AJ65: No | AK65: true | AL65: Get Delays | AM65: Create Program | AN65: medium | AO65: 12.271286 | AP65: 0 | AQ65: 1 | AS65: =IF(AND(G65="true",J65="true",M65="true",P65="true",S65="true"),"true","false") -> false | AT65: =IF(AND(Y65="true",AB65="true",AE65="true",AH65="true",AK65="true"),"true","false") -> true
A66: 7bbc65f0-805d-44e3-aa3b-542c795f2841 | B66: BPMN | C66: Create Program | D66: medium | E66: 19.57947 | F66: program,program_params,program_patterns,program_url | G66: true | H66: 10.228275 | I66: program_params,program_patterns,program_url | J66: true | K66: 5.898265 | L66: program | M66: true | N66: 11.258337 | O66: a1,a2 | P66: true | Q66: 16.249846 | R66: No | S66: false | T66: CPEE | U66: Get Delays | V66: medium | W66: 37.418909 | X66: lineID,stopcoords,stops | Y66: false | Z66: 14.719811 | AA66: lineID,stopcoords,stops | AB66: false | AC66: 14.935335 | AD66: lineID,stops | AE66: false | AF66: 26.771873 | AG66: a1,a4,a8,a9 | AH66: false | AI66: 10.671396 | AJ66: No | AK66: true | AL66: Create Program | AM66: Get Delays | AN66: medium | AO66: 5.547417 | AP66: 2 | AQ66: -2 | AS66: =IF(AND(G66="true",J66="true",M66="true",P66="true",S66="true"),"true","false") -> false | AT66: =IF(AND(Y66="true",AB66="true",AE66="true",AH66="true",AK66="true"),"true","false") -> false
A67: 7cc5bb6b-a2a1-48ea-8d0f-07c850788c7e | B67: BPMN | C67: Create Program | D67: medium | E67: 30.895269 | F67: program,program_params,program_patterns,program_url | G67: true | H67: 7.397911 | I67: program | J67: false | K67: 3.832372 | L67: program_params,program_patterns,program_url | M67: false | N67: 15.342751 | O67: a1,a2 | P67: true | Q67: 9.501963 | R67: Yes | S67: false | T67: CPEE | U67: Get Delays | V67: medium | W67: 3.45066 | Y67: false | Z67: 0.63394 | AB67: false | AC67: 0.868016 | AE67: false | AF67: 1.312415 | AH67: false | AI67: 3.565622 | AJ67: No | AK67: true | AL67: Create Program | AM67: Get Delays | AN67: medium | AO67: 6.24377 | AP67: 1 | AQ67: 0 | AS67: =IF(AND(G67="true",J67="true",M67="true",P67="true",S67="true"),"true","false") -> false | AT67: =IF(AND(Y67="true",AB67="true",AE67="true",AH67="true",AK67="true"),"true","false") -> false
A68: 7d88c946-45c7-419b-9d71-d2fcee0ba374 | B68: BPMN | C68: Create Program | D68: medium | E68: 37.469447 | F68: program,program_params,program_patterns,program_url | G68: true | H68: 11.698171 | I68: program_params,program_patterns,program_url | J68: true | K68: 4.935493 | L68: program | M68: true | N68: 54.396411 | O68: a1,a2 | P68: true | Q68: 35.890094 | R68: Yes | S68: false | T68: CPEE | U68: Get Delays | V68: medium | W68: 29.564367 | X68: delay,line,lineID,stops | Y68: true | Z68: 168.63343 | AA68: delay,line,lineID,stops | AB68: true | AC68: 2.628707 | AD68: delay | AE68: true | AF68: 39.202762 | AG68: a6,a8,a9 | AH68: true | AI68: 42.539284 | AJ68: Yes | AK68: false | AL68: Create Program | AM68: Get Delays | AN68: medium | AO68: 10.246176 | AP68: 0 | AQ68: 0 | AS68: =IF(AND(G68="true",J68="true",M68="true",P68="true",S68="true"),"true","false") -> false | AT68: =IF(AND(Y68="true",AB68="true",AE68="true",AH68="true",AK68="true"),"true","false") -> false
A69: 7e6b97f0-bf7c-40aa-b635-75a6945027ea | B69: BPMN | C69: Get Delays | D69: medium | E69: 17.773625 | F69: delay,line,lineID,stops | G69: true | H69: 19.159897 | I69: delay,line,lineID,stops | J69: true | K69: 5.462208 | L69: delay | M69: true | N69: 18.364269 | O69: a6,a8,a9 | P69: true | Q69: 66.315719 | R69: No | S69: false | T69: CPEE | U69: Create Program | V69: medium | W69: 17.948458 | X69: program,program_params,program_patterns,program_url | Y69: true | Z69: 13.584745 | AA69: program_params,program_patterns,program_url | AB69: true | AC69: 5.878109 | AD69: program | AE69: true | AF69: 31.422761 | AG69: a1,a2 | AH69: true | AI69: 19.270864 | AJ69: No | AK69: true | AL69: Get Delays | AM69: Create Program | AN69: medium | AO69: 7.24091 | AP69: 2 | AQ69: 0 | AS69: =IF(AND(G69="true",J69="true",M69="true",P69="true",S69="true"),"true","false") -> false | AT69: =IF(AND(Y69="true",AB69="true",AE69="true",AH69="true",AK69="true"),"true","false") -> true
A70: 85556044-52eb-42d3-890e-7ea871784457 | B70: BPMN | C70: Create Program | D70: medium | E70: 40.72701 | F70: program,program_params,program_patterns,program_url | G70: true | H70: 12.625043 | I70: program_params,program_patterns,program_url | J70: true | K70: 3.453857 | L70: program | M70: true | N70: 23.310217 | O70: a1,a2 | P70: true | Q70: 6.062463 | R70: Yes | S70: false | T70: CPEE | U70: Get Delays | V70: medium | W70: 18.791168 | X70: delay,line,lineID,stops | Y70: true | Z70: 12.547491 | AA70: line,lineID,stops | AB70: false | AC70: 3.401257 | AE70: false | AF70: 29.134661 | AG70: a6,a8,a9 | AH70: true | AI70: 10.306223 | AJ70: Yes | AK70: false | AL70: Create Program | AM70: Get Delays | AN70: medium | AO70: 4.648259 | AP70: 1 | AQ70: 1 | AS70: =IF(AND(G70="true",J70="true",M70="true",P70="true",S70="true"),"true","false") -> false | AT70: =IF(AND(Y70="true",AB70="true",AE70="true",AH70="true",AK70="true"),"true","false") -> false
A71: 8638b050-a48d-44f3-83ed-84c820d56306 | B71: BPMN | C71: Get Delays | D71: medium | E71: 54.08802 | F71: delay,line,lineID,stops | G71: true | H71: 34.911038 | I71: delay,line,lineID,stops | J71: true | K71: 21.916319 | L71: delay | M71: true | N71: 22.263976 | O71: a6,a8,a9 | P71: true | Q71: 44.431304 | R71: I cant be sure | S71: true | T71: CPEE | U71: Create Program | V71: medium | W71: 30.825205 | X71: program,program_params,program_patterns,program_url | Y71: true | Z71: 11.947332 | AA71: program | AB71: false | AC71: 13.167677 | AD71: program_params,program_patterns,program_url | AE71: false | AF71: 34.717182 | AG71: a1,a2 | AH71: true | AI71: 39.31605 | AJ71: I cant be sure | AK71: false | AL71: Get Delays | AM71: Create Program | AN71: medium | AO71: 10.876284 | AP71: 1 | AQ71: 1 | AS71: =IF(AND(G71="true",J71="true",M71="true",P71="true",S71="true"),"true","false") -> true | AT71: =IF(AND(Y71="true",AB71="true",AE71="true",AH71="true",AK71="true"),"true","false") -> false
A72: 866139d7-8977-4216-b74c-21ddf99328c5 | B72: BPMN | C72: Create Program | D72: medium | E72: 23.278322 | F72: program,program_params,program_patterns,program_url | G72: true | H72: 9.487613 | I72: program_params,program_patterns,program_url | J72: true | K72: 9.732578 | L72: program | M72: true | N72: 29.008584 | O72: a1,a2 | P72: true | Q72: 23.059115 | R72: Yes | S72: false | T72: CPEE | U72: Get Delays | V72: medium | W72: 23.00962 | X72: delay,line,lineID,stops | Y72: true | Z72: 17.635687 | AA72: line,lineID,stops | AB72: false | AC72: 6.128255 | AD72: delay | AE72: true | AF72: 147.6558 | AG72: a4,a6 | AH72: false | AI72: 16.114161 | AJ72: No | AK72: true | AL72: Create Program | AM72: Get Delays | AN72: medium | AO72: 45.527137 | AP72: 1 | AQ72: 0 | AS72: =IF(AND(G72="true",J72="true",M72="true",P72="true",S72="true"),"true","false") -> false | AT72: =IF(AND(Y72="true",AB72="true",AE72="true",AH72="true",AK72="true"),"true","false") -> false
A73: 87939db2-41e7-40c1-9527-ea3e63246c43 | B73: BPMN | C73: Create Program | D73: medium | E73: 59.16197 | F73: program,program_params,program_patterns,program_url | G73: true | H73: 9.688844 | I73: program_params,program_patterns,program_url | J73: true | K73: 4.73184 | L73: program | M73: true | N73: 19.840166 | O73: a1,a2 | P73: true | Q73: 5.907773 | R73: No | S73: false | T73: CPEE | U73: Get Delays | V73: medium | W73: 12.89183 | X73: line,lineID,stops | Y73: false | Z73: 14.831736 | AB73: false | AC73: 13.839524 | AE73: false | AF73: 11.65127 | AG73: a8,a9 | AH73: false | AI73: 17.423629 | AJ73: I cant be sure | AK73: false | AL73: Create Program | AM73: Get Delays | AN73: medium | AO73: 6.680241 | AP73: -1 | AQ73: -1 | AS73: =IF(AND(G73="true",J73="true",M73="true",P73="true",S73="true"),"true","false") -> false | AT73: =IF(AND(Y73="true",AB73="true",AE73="true",AH73="true",AK73="true"),"true","false") -> false
A74: 8a09f12c-09c6-4c4c-b5f9-994b4cbff905 | B74: BPMN | C74: Create Program | D74: medium | E74: 26.614796 | F74: program_params,program_patterns,program_url | G74: false | H74: 10.637725 | I74: program | J74: false | K74: 21.103483 | L74: program | M74: true | N74: 31.888489 | O74: a1,a2 | P74: true | Q74: 28.941593 | R74: Yes | S74: false | T74: CPEE | U74: Get Delays | V74: medium | W74: 99.445253 | Y74: false | Z74: 0.714256 | AB74: false | AC74: 0.565591 | AE74: false | AF74: 0.80077 | AH74: false | AI74: 1.195463 | AK74: false | AL74: Create Program | AM74: Get Delays | AN74: medium | AO74: 3.19664 | AS74: =IF(AND(G74="true",J74="true",M74="true",P74="true",S74="true"),"true","false") -> false | AT74: =IF(AND(Y74="true",AB74="true",AE74="true",AH74="true",AK74="true"),"true","false") -> false
A75: 8cebe49a-4682-44e9-aee4-01e4362602dc | B75: BPMN | C75: Create Program | D75: medium | E75: 27.875214 | F75: program,program_params,program_patterns,program_url | G75: true | H75: 11.819795 | I75: program_params,program_patterns,program_url | J75: true | K75: 4.17143 | L75: program | M75: true | N75: 19.533809 | O75: a1,a2 | P75: true | Q75: 9.918746 | R75: No | S75: false | T75: CPEE | U75: Get Delays | V75: medium | W75: 12.558346 | X75: delay,line,lineID,stops | Y75: true | Z75: 11.907091 | AA75: delay,line,lineID,stops | AB75: true | AC75: 8.118758 | AD75: delay | AE75: true | AF75: 23.59324 | AG75: a6,a8,a9 | AH75: true | AI75: 21.396891 | AJ75: Yes | AK75: false | AL75: Create Program | AM75: Get Delays | AN75: medium | AO75: 10.028784 | AP75: 1 | AQ75: 0 | AS75: =IF(AND(G75="true",J75="true",M75="true",P75="true",S75="true"),"true","false") -> false | AT75: =IF(AND(Y75="true",AB75="true",AE75="true",AH75="true",AK75="true"),"true","false") -> false
A76: 90effe47-30cd-47a0-a54d-e2bb7c2210bb | B76: BPMN | C76: Get Delays | D76: medium | E76: 14.795846 | F76: delay | G76: false | H76: 17.012792 | I76: delay,line | J76: false | K76: 12.526986 | L76: delay | M76: true | N76: 12.141882 | O76: a8,a9 | P76: false | Q76: 11.642998 | R76: I cant be sure | S76: true | T76: CPEE | U76: Create Program | V76: medium | W76: 24.984802 | X76: current_tray,initial,program,program_params,program_patterns,program_url,qr | Y76: false | Z76: 19.040464 | AA76: current_tray,initial,program,program_params,program_patterns,program_url,qr | AB76: false | AC76: 15.009716 | AD76: program_params,program_patterns,program_url | AE76: false | AF76: 11.544377 | AG76: a2 | AH76: false | AI76: 8.16197 | AJ76: No | AK76: true | AL76: Get Delays | AM76: Create Program | AN76: medium | AO76: 5.619869 | AP76: 1 | AQ76: -1 | AS76: =IF(AND(G76="true",J76="true",M76="true",P76="true",S76="true"),"true","false") -> false | AT76: =IF(AND(Y76="true",AB76="true",AE76="true",AH76="true",AK76="true"),"true","false") -> false
A77: 937d358d-2a37-4517-800f-77ac0141ce5a | B77: BPMN | C77: Get Delays | D77: medium | E77: 25.111005 | F77: delay,line,lineID,stops | G77: true | H77: 27.276856 | I77: delay,line,lineID,stops | J77: true | K77: 9.851506 | L77: delay | M77: true | N77: 21.808955 | O77: a6,a8,a9 | P77: true | Q77: 26.441152 | R77: No | S77: false | T77: CPEE | U77: Create Program | V77: medium | W77: 58.435578 | X77: program,program_params,program_patterns,program_url | Y77: true | Z77: 14.286768 | AA77: program_params,program_patterns,program_url | AB77: true | AC77: 7.911721 | AD77: program | AE77: true | AF77: 29.185537 | AG77: a1,a2 | AH77: true | AI77: 7.86864 | AJ77: No | AK77: true | AL77: Get Delays | AM77: Create Program | AN77: medium | AO77: 42.744288 | AP77: 0 | AQ77: 2 | AR77: The names of the dataobjects were out of scope, when i hovered over the red bar. | AS77: =IF(AND(G77="true",J77="true",M77="true",P77="true",S77="true"),"true","false") -> false | AT77: =IF(AND(Y77="true",AB77="true",AE77="true",AH77="true",AK77="true"),"true","false") -> true
A78: 939e58c2-0a38-4cb8-87f2-9a106e9233ff | B78: BPMN | C78: Create Program | D78: medium | E78: 15.238402 | F78: program,program_params,program_patterns,program_url | G78: true | H78: 10.365072 | I78: program_params,program_patterns,program_url | J78: true | K78: 6.120241 | L78: program | M78: true | N78: 19.356819 | O78: a1,a2 | P78: true | Q78: 17.418169 | R78: No | S78: false | T78: CPEE | U78: Get Delays | V78: medium | W78: 14.19097 | X78: line,lineID,stopcoords,stops | Y78: false | Z78: 19.57048 | AA78: delay,line,lineID,stops | AB78: true | AC78: 6.147481 | AD78: delay | AE78: true | AF78: 20.36418 | AG78: a1,a9 | AH78: false | AI78: 29.299862 | AJ78: I cant be sure | AK78: false | AL78: Create Program | AM78: Get Delays | AN78: medium | AO78: 12.494819 | AP78: 0 | AQ78: 1 | AS78: =IF(AND(G78="true",J78="true",M78="true",P78="true",S78="true"),"true","false") -> false | AT78: =IF(AND(Y78="true",AB78="true",AE78="true",AH78="true",AK78="true"),"true","false") -> false
A79: 95855ae9-4702-4480-90a2-435b1bb48bf4 | B79: BPMN | C79: Get Delays | D79: medium | E79: 19.052237 | F79: delay,line,lineID,stops | G79: true | H79: 17.23539 | I79: delay,line,lineID,stops | J79: true | K79: 4.87919 | L79: delay | M79: true | N79: 16.946449 | O79: a8,a9 | P79: false | Q79: 18.007045 | R79: No | S79: false | T79: CPEE | U79: Create Program | V79: medium | W79: 29.2825 | X79: program,program_params,program_patterns,program_url | Y79: true | Z79: 10.892964 | AA79: program | AB79: false | AC79: 13.678552 | AD79: program_params,program_patterns,program_url | AE79: false | AF79: 25.569023 | AG79: a1,a2 | AH79: true | AI79: 33.903124 | AJ79: Yes | AK79: false | AL79: Get Delays | AM79: Create Program | AN79: medium | AO79: 10.387223 | AP79: 1 | AQ79: 1 | AS79: =IF(AND(G79="true",J79="true",M79="true",P79="true",S79="true"),"true","false") -> false | AT79: =IF(AND(Y79="true",AB79="true",AE79="true",AH79="true",AK79="true"),"true","false") -> false
A80: 96fedc28-e100-4e7d-917f-ed84008a79bf | B80: BPMN | C80: Get Delays | D80: medium | E80: 19.481301 | F80: delay,line,lineID,stops | G80: true | H80: 12.364858 | I80: delay,line,lineID,stops | J80: true | K80: 5.390521 | L80: delay | M80: true | N80: 19.782269 | O80: a6,a8,a9 | P80: true | Q80: 16.805804 | R80: No | S80: false | T80: CPEE | U80: Create Program | V80: medium | W80: 22.698903 | X80: current_tray,initial,program,program_params,program_patterns,program_url,qr | Y80: false | Z80: 21.986665 | AA80: program_params,program_patterns,program_url | AB80: true | AC80: 4.529929 | AD80: program | AE80: true | AF80: 19.548318 | AG80: a1,a2 | AH80: true | AI80: 10.466231 | AJ80: No | AK80: true | AL80: Get Delays | AM80: Create Program | AN80: medium | AO80: 8.158013 | AP80: 2 | AQ80: 0 | AS80: =IF(AND(G80="true",J80="true",M80="true",P80="true",S80="true"),"true","false") -> false | AT80: =IF(AND(Y80="true",AB80="true",AE80="true",AH80="true",AK80="true"),"true","false") -> false
A81: 9877c1eb-dea8-45b0-9f36-cd4a6b921e6f | B81: BPMN | C81: Get Delays | D81: medium | E81: 26.815808 | F81: delay,line,lineID,stops | G81: true | H81: 24.918683 | I81: delay,line,lineID,stops | J81: true | K81: 5.280757 | L81: delay | M81: true | N81: 35.423539 | O81: a6,a8,a9 | P81: true | Q81: 9.765579 | R81: I cant be sure | S81: true | T81: CPEE | U81: Create Program | V81: medium | W81: 14.72541 | X81: program,program_params,program_patterns,program_url | Y81: true | Z81: 12.459986 | AA81: program_params,program_patterns,program_url | AB81: true | AC81: 7.250605 | AD81: program | AE81: true | AF81: 33.232002 | AG81: a1,a2 | AH81: true | AI81: 11.73396 | AJ81: No | AK81: true | AL81: Get Delays | AM81: Create Program | AN81: medium | AO81: 6.800016 | AP81: 0 | AQ81: 1 | AS81: =IF(AND(G81="true",J81="true",M81="true",P81="true",S81="true"),"true","false") -> true | AT81: =IF(AND(Y81="true",AB81="true",AE81="true",AH81="true",AK81="true"),"true","false") -> true
A82: 9ab8dff8-8cb8-4584-a06a-2842ffab78e8 | B82: BPMN | C82: Create Program | D82: medium | E82: 21.974389 | F82: program,program_params,program_patterns,program_url | G82: true | H82: 10.420126 | I82: program_params,program_patterns,program_url | J82: true | K82: 5.242029 | L82: program | M82: true | N82: 18.841684 | P82: false | Q82: 11.592578 | R82: No | S82: false | T82: CPEE | U82: Get Delays | V82: medium | W82: 40.342768 | X82: delay,line,stops | Y82: false | Z82: 47.354078 | AA82: stops | AB82: false | AC82: 19.149679 | AE82: false | AF82: 23.732211 | AH82: false | AI82: 8.132253 | AJ82: Yes | AK82: false | AL82: Create Program | AM82: Get Delays | AN82: medium | AO82: 17.037233 | AP82: -1 | AQ82: -2 | AS82: =IF(AND(G82="true",J82="true",M82="true",P82="true",S82="true"),"true","false") -> false | AT82: =IF(AND(Y82="true",AB82="true",AE82="true",AH82="true",AK82="true"),"true","false") -> false
A83: 9acfc10a-7a7c-4696-b789-059b0b918949 | B83: BPMN | C83: Get Delays | D83: medium | E83: 17.350894 | F83: delay,line,lineID,stops | G83: true | H83: 17.24976 | I83: delay,line,lineID,stops | J83: true | K83: 7.515497 | L83: delay | M83: true | N83: 15.828311 | O83: a6,a8,a9 | P83: true | Q83: 12.863223 | R83: I cant be sure | S83: true | T83: CPEE | U83: Create Program | V83: medium | W83: 24.243934 | X83: program,program_params,program_patterns,program_url | Y83: true | Z83: 10.708142 | AA83: program | AB83: false | AC83: 6.81164 | AD83: program_params,program_patterns,program_url | AE83: false | AF83: 14.164497 | AG83: a1,a2 | AH83: true | AI83: 9.348032 | AJ83: No | AK83: true | AL83: Get Delays | AM83: Create Program | AN83: medium | AO83: 120.67136 | AP83: -1 | AQ83: 1 | AR83: BPMN gets crowded easily which can delay workflow significantly. CPEE was easier, especially having IDs in a separate column. Having to hover over the Dataflow lines (translucent red ones) to see their name is, however, a bit of a hassle. | AS83: =IF(AND(G83="true",J83="true",M83="true",P83="true",S83="true"),"true","false") -> true | AT83: =IF(AND(Y83="true",AB83="true",AE83="true",AH83="true",AK83="true"),"true","false") -> false
A84: 9ad1786d-0a98-4e4f-a965-ad4640a2961c | B84: BPMN | C84: Create Program | D84: medium | E84: 28.363844 | F84: program,program_params,program_patterns,program_url | G84: true | H84: 13.387579 | I84: program_params,program_patterns,program_url | J84: true | K84: 10.102665 | L84: program | M84: true | N84: 25.7153 | O84: a1,a2 | P84: true | Q84: 26.422265 | R84: No | S84: false | T84: CPEE | U84: Get Delays | V84: medium | W84: 22.701289 | X84: delay,line,lineID,stops | Y84: true | Z84: 26.112668 | AA84: delay,line,lineID,stops | AB84: true | AC84: 9.487657 | AD84: delay | AE84: true | AF84: 33.697126 | AG84: a6,a8,a9 | AH84: true | AI84: 20.898723 | AJ84: No | AK84: true | AL84: Create Program | AM84: Get Delays | AN84: medium | AO84: 96.985353 | AP84: 1 | AQ84: 2 | AR84: The CPEE BPMN was slightly easier because I now get more used to the notation and the kind of questions. The answer to the questions is very easy to find in the CPEE BPMN if you know where to look for it. | AS84: =IF(AND(G84="true",J84="true",M84="true",P84="true",S84="true"),"true","false") -> false | AT84: =IF(AND(Y84="true",AB84="true",AE84="true",AH84="true",AK84="true"),"true","false") -> true
A85: 9ef17643-8f4f-472d-9e2e-42616da9937b | B85: BPMN | C85: Create Program | D85: medium | E85: 20.858312 | F85: program,program_params,program_patterns,program_url | G85: true | H85: 6.667924 | I85: program_params,program_patterns,program_url | J85: true | K85: 4.272123 | L85: program | M85: true | N85: 19.289476 | O85: a1,a2 | P85: true | Q85: 10.454741 | R85: Yes | S85: false | T85: CPEE | U85: Get Delays | V85: medium | W85: 21.593769 | X85: delay,line,lineID,stops | Y85: true | Z85: 21.02707 | AA85: line,lineID,stops | AB85: false | AC85: 7.317116 | AD85: delay | AE85: true | AF85: 32.80215 | AG85: a6,a8,a9 | AH85: true | AI85: 11.267001 | AJ85: Yes | AK85: false | AL85: Create Program | AM85: Get Delays | AN85: medium | AO85: 4.018577 | AP85: 2 | AQ85: 1 | AS85: =IF(AND(G85="true",J85="true",M85="true",P85="true",S85="true"),"true","false") -> false | AT85: =IF(AND(Y85="true",AB85="true",AE85="true",AH85="true",AK85="true"),"true","false") -> false
A86: 9f5392d4-eb07-4d5b-9eb1-e16684f72088 | B86: BPMN | C86: Create Program | D86: medium | E86: 30.467417 | F86: program,program_params,program_patterns,program_url | G86: true | H86: 19.426643 | I86: program_params,program_patterns,program_url | J86: true | K86: 4.213966 | L86: program | M86: true | N86: 52.095332 | O86: a1,a2 | P86: true | Q86: 27.62883 | R86: Yes | S86: false | T86: CPEE | U86: Get Delays | V86: medium | W86: 104.44801 | Y86: false | Z86: 0.571606 | AB86: false | AC86: 0.303079 | AE86: false | AF86: 1.606878 | AH86: false | AI86: 1.249247 | AK86: false | AL86: Create Program | AM86: Get Delays | AN86: medium | AO86: 1.922331 | AS86: =IF(AND(G86="true",J86="true",M86="true",P86="true",S86="true"),"true","false") -> false | AT86: =IF(AND(Y86="true",AB86="true",AE86="true",AH86="true",AK86="true"),"true","false") -> false
A87: 9fd63781-84a7-4e75-aa15-e85e3c12861f | B87: BPMN | C87: Create Program | D87: medium | E87: 20.764081 | F87: program_params,program_patterns,program_url | G87: false | H87: 18.304971 | I87: program_params,program_patterns,program_url | J87: true | K87: 9.586665 | L87: program | M87: true | N87: 50.44304 | O87: a1,a2 | P87: true | Q87: 73.62315 | R87: No | S87: false | T87: CPEE | U87: Get Delays | V87: medium | W87: 12.923428 | Y87: false | Z87: 0.512968 | AB87: false | AC87: 0.498069 | AE87: false | AF87: 0.595384 | AH87: false | AI87: 0.571174 | AK87: false | AL87: Create Program | AM87: Get Delays | AN87: medium | AO87: 6.841408 | AS87: =IF(AND(G87="true",J87="true",M87="true",P87="true",S87="true"),"true","false") -> false | AT87: =IF(AND(Y87="true",AB87="true",AE87="true",AH87="true",AK87="true"),"true","false") -> false
A88: a0695746-884f-4b0f-8202-b83cc6a6ad7f | B88: BPMN | C88: Create Program | D88: medium | E88: 22.056084 | F88: program_params,program_patterns,program_url | G88: false | H88: 17.236597 | I88: program_params,program_patterns,program_url | J88: true | K88: 6.371655 | L88: program | M88: true | N88: 34.988123 | O88: a1,a2 | P88: true | Q88: 22.380606 | R88: Yes | S88: false | T88: CPEE | U88: Get Delays | V88: medium | W88: 23.473448 | X88: delay,line,lineID,stops | Y88: true | Z88: 38.193693 | AA88: delay | AB88: false | AC88: 14.593079 | AD88: line,lineID,stops | AE88: false | AF88: 28.58371 | AG88: a8,a9 | AH88: false | AI88: 9.176274 | AJ88: Yes | AK88: false | AL88: Create Program | AM88: Get Delays | AN88: medium | AO88: 8.624094 | AP88: 1 | AQ88: 2 | AS88: =IF(AND(G88="true",J88="true",M88="true",P88="true",S88="true"),"true","false") -> false | AT88: =IF(AND(Y88="true",AB88="true",AE88="true",AH88="true",AK88="true"),"true","false") -> false
A89: a0a7afc1-bd41-421e-9b9f-92ec62bc791c | B89: BPMN | C89: Create Program | D89: medium | E89: 19.038219 | F89: program_params,program_patterns,program_url | G89: false | H89: 13.987401 | I89: program_params,program_patterns,program_url | J89: true | K89: 5.619023 | L89: program | M89: true | N89: 26.588766 | O89: a1,a2 | P89: true | Q89: 9.204585 | R89: I cant be sure | S89: true | T89: CPEE | U89: Get Delays | V89: medium | W89: 13.921254 | X89: delay,line,lineID,stops | Y89: true | Z89: 12.502137 | AA89: delay,line,lineID,stops | AB89: true | AC89: 11.8022 | AD89: delay | AE89: true | AF89: 22.475048 | AG89: a6,a8,a9 | AH89: true | AI89: 19.70303 | AJ89: No | AK89: true | AL89: Create Program | AM89: Get Delays | AN89: medium | AO89: 14.78496 | AP89: 1 | AQ89: 2 | AR89: Nope | AS89: =IF(AND(G89="true",J89="true",M89="true",P89="true",S89="true"),"true","false") -> false | AT89: =IF(AND(Y89="true",AB89="true",AE89="true",AH89="true",AK89="true"),"true","false") -> true
A90: a1658a42-f29d-45d9-9026-595153ac3ebe | B90: BPMN | C90: Create Program | D90: medium | E90: 14.577305 | F90: program,program_params,program_patterns,program_url | G90: true | H90: 10.845868 | I90: program_params,program_patterns,program_url | J90: true | K90: 3.796325 | L90: program | M90: true | N90: 14.350302 | O90: a1,a2 | P90: true | Q90: 13.289269 | R90: I cant be sure | S90: true | T90: CPEE | U90: Get Delays | V90: medium | W90: 23.555056 | X90: delay,line,lineID,stops | Y90: true | Z90: 13.374036 | AA90: delay | AB90: false | AC90: 2.306073 | AE90: false | AF90: 21.136128 | AG90: a6,a8,a9 | AH90: true | AI90: 13.820502 | AJ90: No | AK90: true | AL90: Create Program | AM90: Get Delays | AN90: medium | AO90: 6.164284 | AP90: 0 | AQ90: 1 | AS90: =IF(AND(G90="true",J90="true",M90="true",P90="true",S90="true"),"true","false") -> true | AT90: =IF(AND(Y90="true",AB90="true",AE90="true",AH90="true",AK90="true"),"true","false") -> false
A91: a26e5412-a9d0-4853-b6f2-fbd948fe822f | B91: BPMN | C91: Create Program | D91: medium | E91: 23.632121 | F91: program,program_params,program_patterns,program_url | G91: true | H91: 16.162651 | I91: program_params,program_patterns,program_url | J91: true | K91: 9.851554 | L91: program | M91: true | N91: 18.097272 | O91: a1,a2 | P91: true | Q91: 16.603232 | R91: No | S91: false | T91: CPEE | U91: Get Delays | V91: medium | W91: 39.586335 | X91: line,lineID,stopcoords,stops | Y91: false | Z91: 15.048821 | AA91: delay,line,lineID,stops | AB91: true | AC91: 12.434786 | AD91: delay | AE91: true | AF91: 40.791702 | AG91: a6,a8,a9 | AH91: true | AI91: 22.928328 | AJ91: No | AK91: true | AL91: Create Program | AM91: Get Delays | AN91: medium | AO91: 6.64905 | AP91: 1 | AQ91: -1 | AS91: =IF(AND(G91="true",J91="true",M91="true",P91="true",S91="true"),"true","false") -> false | AT91: =IF(AND(Y91="true",AB91="true",AE91="true",AH91="true",AK91="true"),"true","false") -> false
A92: a57c658f-9dcc-4bb2-ad3c-eb0df6a7694f | B92: BPMN | C92: Create Program | D92: medium | E92: 17.488596 | F92: program_params,program_patterns,program_url | G92: false | H92: 22.647696 | I92: program,program_params,program_patterns,program_url | J92: false | K92: 3.396276 | L92: program_params,program_patterns,program_url | M92: false | N92: 17.478531 | O92: a1 | P92: false | Q92: 8.9804 | R92: No | S92: false | T92: CPEE | U92: Get Delays | V92: medium | W92: 19.335965 | X92: line,lineID,stops | Y92: false | Z92: 9.408392 | AA92: line,lineID,stops | AB92: false | AC92: 9.157761 | AD92: line,lineID,stops | AE92: false | AF92: 33.951752 | AG92: a6,a8,a9 | AH92: true | AI92: 13.396766 | AJ92: No | AK92: true | AL92: Create Program | AM92: Get Delays | AN92: medium | AO92: 5.977233 | AP92: 2 | AQ92: 1 | AS92: =IF(AND(G92="true",J92="true",M92="true",P92="true",S92="true"),"true","false") -> false | AT92: =IF(AND(Y92="true",AB92="true",AE92="true",AH92="true",AK92="true"),"true","false") -> false
A93: a79738d2-b9c9-45c5-9be9-698cf4a7ab74 | B93: BPMN | C93: Get Delays | D93: medium | E93: 39.228494 | F93: delay,line,lineID,stops | G93: true | H93: 23.536611 | I93: delay,line,lineID,stops | J93: true | K93: 11.995597 | L93: delay | M93: true | N93: 20.785716 | O93: a6,a8,a9 | P93: true | Q93: 35.265771 | R93: No | S93: false | T93: CPEE | U93: Create Program | V93: medium | W93: 43.577033 | X93: program,program_params,program_patterns,program_url | Y93: true | Z93: 9.778171 | AA93: program_params,program_patterns,program_url | AB93: true | AC93: 3.65067 | AD93: program | AE93: true | AF93: 39.879791 | AG93: a1,a2 | AH93: true | AI93: 13.280825 | AJ93: Yes | AK93: false | AL93: Get Delays | AM93: Create Program | AN93: medium | AO93: 10.692594 | AP93: 0 | AQ93: 2 | AS93: =IF(AND(G93="true",J93="true",M93="true",P93="true",S93="true"),"true","false") -> false | AT93: =IF(AND(Y93="true",AB93="true",AE93="true",AH93="true",AK93="true"),"true","false") -> false
A94: a9d45b68-6447-4915-b63f-dc6d3484d1b3 | B94: BPMN | C94: Create Program | D94: medium | E94: 31.22664 | F94: program,program_params,program_patterns,program_url | G94: true | H94: 25.141899 | I94: program_params,program_patterns,program_url | J94: true | K94: 17.938571 | L94: program | M94: true | N94: 31.952068 | O94: a1,a2,a8 | P94: false | Q94: 19.199318 | R94: No | S94: false | T94: CPEE | U94: Get Delays | V94: medium | W94: 28.745381 | X94: delay,line,lineID,stops | Y94: true | Z94: 18.691467 | AA94: delay,line,lineID,stops | AB94: true | AC94: 16.120056 | AD94: delay | AE94: true | AF94: 20.635038 | AG94: a9 | AH94: false | AI94: 68.607756 | AJ94: I cant be sure | AK94: false | AL94: Create Program | AM94: Get Delays | AN94: medium | AO94: 19.200228 | AP94: 1 | AQ94: 1 | AR94: cpee is still a bit harder | AS94: =IF(AND(G94="true",J94="true",M94="true",P94="true",S94="true"),"true","false") -> false | AT94: =IF(AND(Y94="true",AB94="true",AE94="true",AH94="true",AK94="true"),"true","false") -> false
A95: ac04acf1-a6d9-4865-882c-4cd2407722bc | B95: BPMN | C95: Create Program | D95: medium | E95: 25.750405 | F95: program,program_params,program_patterns,program_url | G95: true | H95: 11.937977 | I95: program_params,program_patterns,program_url | J95: true | K95: 4.163974 | L95: program | M95: true | N95: 31.174078 | O95: a1,a2 | P95: true | Q95: 11.272811 | R95: No | S95: false | T95: CPEE | U95: Get Delays | V95: medium | W95: 12.542703 | X95: delay,line,lineID,stops | Y95: true | Z95: 23.783352 | AA95: delay,line,lineID,stops | AB95: true | AC95: 20.281478 | AD95: delay | AE95: true | AF95: 30.92245 | AG95: a6,a8,a9 | AH95: true | AI95: 8.340454 | AJ95: No | AK95: true | AL95: Create Program | AM95: Get Delays | AN95: medium | AO95: 18.12498 | AP95: 2 | AQ95: 1 | AS95: =IF(AND(G95="true",J95="true",M95="true",P95="true",S95="true"),"true","false") -> false | AT95: =IF(AND(Y95="true",AB95="true",AE95="true",AH95="true",AK95="true"),"true","false") -> true
A96: ad62cb2d-e3e6-4a36-a3e9-11650a0fa975 | B96: BPMN | C96: Get Delays | D96: medium | E96: 28.987172 | F96: delay,line,lineID,stops | G96: true | H96: 13.274093 | I96: delay,line,lineID,stops | J96: true | K96: 3.97357 | L96: delay | M96: true | N96: 22.210613 | O96: a6,a8,a9 | P96: true | Q96: 11.479688 | R96: No | S96: false | T96: CPEE | U96: Create Program | V96: medium | W96: 19.596376 | X96: current_tray,program,program_url | Y96: false | Z96: 14.031423 | AA96: program_params,program_patterns,program_url | AB96: true | AC96: 12.970927 | AD96: program,program_url | AE96: false | AF96: 4.348265 | AG96: a3,a5,a7 | AH96: false | AI96: 3.165557 | AJ96: Yes | AK96: false | AL96: Get Delays | AM96: Create Program | AN96: medium | AO96: 2.959173 | AP96: 0 | AQ96: 0 | AS96: =IF(AND(G96="true",J96="true",M96="true",P96="true",S96="true"),"true","false") -> false | AT96: =IF(AND(Y96="true",AB96="true",AE96="true",AH96="true",AK96="true"),"true","false") -> false
A97: adb6f62c-d0b2-43a9-8942-20414ea8adbd | B97: BPMN | C97: Create Program | D97: medium | E97: 46.919527 | F97: program,program_params,program_patterns,program_url | G97: true | H97: 11.958702 | I97: program_params,program_patterns,program_url | J97: true | K97: 9.363038 | L97: program | M97: true | N97: 47.860196 | O97: a1,a2 | P97: true | Q97: 15.391576 | R97: Yes | S97: false | T97: CPEE | U97: Get Delays | V97: medium | W97: 41.517013 | X97: delay,line,lineID,stops | Y97: true | Z97: 16.806968 | AA97: line,lineID,stops | AB97: false | AC97: 5.484365 | AD97: delay | AE97: true | AF97: 56.168238 | AG97: a4,a6,a8,a9 | AH97: false | AI97: 17.829411 | AJ97: Yes | AK97: false | AL97: Create Program | AM97: Get Delays | AN97: medium | AO97: 8.897732 | AP97: 0 | AQ97: -1 | AS97: =IF(AND(G97="true",J97="true",M97="true",P97="true",S97="true"),"true","false") -> false | AT97: =IF(AND(Y97="true",AB97="true",AE97="true",AH97="true",AK97="true"),"true","false") -> false
A98: b1bc4090-0108-44d8-ba35-bd957af042bb | B98: BPMN | C98: Create Program | D98: medium | E98: 16.92719 | F98: program,program_params,program_patterns,program_url | G98: true | H98: 8.561485 | I98: program_params,program_patterns,program_url | J98: true | K98: 1.634868 | L98: program | M98: true | N98: 11.221341 | O98: a1,a2 | P98: true | Q98: 7.316617 | R98: No | S98: false | T98: CPEE | U98: Get Delays | V98: medium | W98: 13.085605 | X98: delay,line,lineID,stops | Y98: true | Z98: 11.264676 | AA98: line,lineID,stops | AB98: false | AC98: 10.239653 | AD98: delay | AE98: true | AF98: 21.709211 | AG98: a8,a9 | AH98: false | AI98: 17.773298 | AJ98: No | AK98: true | AL98: Create Program | AM98: Get Delays | AN98: medium | AO98: 10.216856 | AP98: 1 | AQ98: 1 | AS98: =IF(AND(G98="true",J98="true",M98="true",P98="true",S98="true"),"true","false") -> false | AT98: =IF(AND(Y98="true",AB98="true",AE98="true",AH98="true",AK98="true"),"true","false") -> false
A99: b2ccc0fc-26de-49ab-abf6-36bade82ddb6 | B99: BPMN | C99: Get Delays | D99: medium | E99: 43.254685 | F99: delay,line,lineID,stops | G99: true | H99: 19.025811 | I99: delay,line,lineID,stops | J99: true | K99: 9.332226 | L99: delay | M99: true | N99: 25.733268 | O99: a6,a8,a9 | P99: true | Q99: 24.783624 | R99: Yes | S99: false | T99: CPEE | U99: Create Program | V99: medium | W99: 40.388215 | X99: program,program_params,program_patterns,program_url | Y99: true | Z99: 54.617964 | AA99: program | AB99: false | AC99: 10.557663 | AD99: program_params,program_patterns,program_url | AE99: false | AF99: 57.439861 | AG99: a1,a2 | AH99: true | AI99: 30.422716 | AJ99: Yes | AK99: false | AL99: Get Delays | AM99: Create Program | AN99: medium | AO99: 23.341573 | AP99: 0 | AQ99: -1 | AS99: =IF(AND(G99="true",J99="true",M99="true",P99="true",S99="true"),"true","false") -> false | AT99: =IF(AND(Y99="true",AB99="true",AE99="true",AH99="true",AK99="true"),"true","false") -> false
A100: b3eeea33-eaf3-46b1-801f-6bd956628374 | B100: BPMN | C100: Get Delays | D100: medium | E100: 30.330549 | F100: delay,line,lineID,stops | G100: true | H100: 33.753159 | I100: delay | J100: false | K100: 23.439484 | L100: delay | M100: true | N100: 28.866236 | O100: a6,a8,a9 | P100: true | Q100: 22.560182 | R100: Yes | S100: false | T100: CPEE | U100: Create Program | V100: medium | W100: 19.065895 | X100: program,program_params,program_patterns,program_url | Y100: true | Z100: 16.051952 | AA100: program_params,program_patterns,program_url | AB100: true | AC100: 3.685478 | AD100: program | AE100: true | AF100: 34.015304 | AG100: a1,a2 | AH100: true | AI100: 19.578293 | AJ100: Yes | AK100: false | AL100: Get Delays | AM100: Create Program | AN100: medium | AO100: 14.335656 | AP100: 1 | AQ100: -1 | AS100: =IF(AND(G100="true",J100="true",M100="true",P100="true",S100="true"),"true","false") -> false | AT100: =IF(AND(Y100="true",AB100="true",AE100="true",AH100="true",AK100="true"),"true","false") -> false
...

Sheet Complex
A1: 0261cc33-3de0-4c57-9d3d-7e0a0291aee7 | B1: BPMN | C1: Next QR, Order Item, and Tray | D1: complex | E1: 65.057706 | F1: count,current_tray,from,initial,order_id,order_item,order_list,qr,tray_positions,trays | G1: true | H1: 76.415312 | I1: count,from,initial,order_id,order_list,qr,tray_positions,trays | J1: true | K1: 18.695631 | L1: count,initial,order_item | M1: false | N1: 22.962657 | O1: a12,a13,a8 | P1: true | Q1: 11.403865 | R1: Yes | S1: false | T1: CPEE | U1: Stakeholders | V1: complex | W1: 52.663068 | X1: applications,counter,cur_app,idea_description,stakeholders,stakes,users | Y1: false | Z1: 44.164664 | AA1: counter,cur_app,idea_description,users | AB1: true | AC1: 16.75147 | AD1: counter,stakeholders,stakes,users | AE1: true | AF1: 39.795049 | AG1: a10,a12,a14,a16,a18,a2,a3,a4,a6,a7,a8 | AH1: true | AI1: 14.000165 | AJ1: Yes | AK1: false | AL1: Next QR, Order Item, and Tray | AM1: Stakeholders | AN1: complex | AO1: 7.25661 | AP1: 1 | AQ1: 1 | AS1: =IF(AND(G1="true",J1="true",M1="true",P1="true",S1="true"),"true","false") -> false | AT1: =IF(AND(Y1="true",AB1="true",AE1="true",AH1="true",AK1="true"),"true","false") -> false
A2: 03602acd-0972-42c8-ba6b-a5c6ec326821 | B2: BPMN | C2: Stakeholders | D2: complex | E2: 74.309061 | F2: counter,cur_app,idea_description,stakeholders,stakes,users | G2: true | H2: 29.047396 | I2: counter,idea_description,users | J2: false | K2: 80.637097 | L2: counter,stakeholders,stakes,users | M2: true | N2: 119.85058 | O2: a10,a14,a16,a18,a2,a3,a4,a6,a7,a8 | P2: false | Q2: 8.685124 | R2: Yes | S2: false | T2: CPEE | U2: Next QR, Order Item, and Tray | V2: complex | W2: 16.680143 | Y2: false | Z2: 1.905389 | AB2: false | AC2: 0.68331 | AE2: false | AF2: 1.538109 | AH2: false | AI2: 1.193089 | AK2: false | AL2: Stakeholders | AM2: Next QR, Order Item, and Tray | AN2: complex | AO2: 4.84267 | AP2: 1 | AQ2: 1 | AS2: =IF(AND(G2="true",J2="true",M2="true",P2="true",S2="true"),"true","false") -> false | AT2: =IF(AND(Y2="true",AB2="true",AE2="true",AH2="true",AK2="true"),"true","false") -> false
A3: 03d6156c-04a7-4553-a667-201ecefad37b | B3: BPMN | C3: Stakeholders | D3: complex | E3: 85.387567 | F3: counter,cur_app,idea_description,stakeholders,stakes,users | G3: true | H3: 23.317235 | I3: counter,cur_app,idea_description,users | J3: true | K3: 14.383232 | L3: stakeholders,stakes,users | M3: false | N3: 124.96606 | O3: a10,a12,a14,a16,a18,a2,a3,a4,a6,a7,a8 | P3: true | Q3: 58.156756 | R3: No | S3: false | T3: CPEE | U3: Next QR, Order Item, and Tray | V3: complex | W3: 84.100559 | X3: count,current_tray,from,initial,order_id,order_item,order_list,qr,tray_positions,trays | Y3: true | Z3: 29.587473 | AA3: from,order_id,order_list,qr,tray_positions,trays | AB3: false | AC3: 39.970416 | AD3: count,current_tray,initial,order_item | AE3: true | AF3: 14.755086 | AG3: a12,a13,a8 | AH3: true | AI3: 12.909591 | AJ3: No | AK3: true | AL3: Stakeholders | AM3: Next QR, Order Item, and Tray | AN3: complex | AO3: 4.009002 | AP3: -2 | AQ3: 2 | AS3: =IF(AND(G3="true",J3="true",M3="true",P3="true",S3="true"),"true","false") -> false | AT3: =IF(AND(Y3="true",AB3="true",AE3="true",AH3="true",AK3="true"),"true","false") -> false
A4: 04e6d859-86fb-457f-a504-9f1503dec788 | B4: BPMN | C4: Stakeholders | D4: complex | E4: 60.605883 | F4: counter,idea_description,stakeholders,stakes,users | G4: false | H4: 22.327423 | I4: counter,idea_description,users | J4: false | K4: 18.857575 | L4: stakeholders,stakes,users | M4: false | N4: 93.59454 | O4: a10,a12,a14,a16,a18,a2,a3,a4,a6,a7,a8 | P4: true | Q4: 10.185676 | R4: Yes | S4: false | T4: CPEE | U4: Next QR, Order Item, and Tray | V4: complex | W4: 97.747161 | X4: count,current_tray,from,initial,order_id,order_item,order_list,qr,tray_positions,trays | Y4: true | Z4: 51.986605 | AA4: count,from,initial,order_id,order_list,qr,tray_positions,trays | AB4: true | AC4: 47.270447 | AD4: count,initial | AE4: false | AF4: 1.515256 | AH4: false | AI4: 0.981519 | AK4: false | AL4: Stakeholders | AM4: Next QR, Order Item, and Tray | AN4: complex | AO4: 4.371718 | AP4: 0 | AQ4: 0 | AS4: =IF(AND(G4="true",J4="true",M4="true",P4="true",S4="true"),"true","false") -> false | AT4: =IF(AND(Y4="true",AB4="true",AE4="true",AH4="true",AK4="true"),"true","false") -> false
A5: 05b3a0ea-68e9-4f0c-ba06-deb3838ea5b4 | B5: BPMN | C5: Next QR, Order Item, and Tray | D5: complex | E5: 86.515457 | F5: count,current_tray,from,initial,order_id,order_item,order_list,qr,tray_positions,trays | G5: true | H5: 41.96647 | I5: count,from,initial,order_id,order_list,qr,tray_positions,trays | J5: true | K5: 26.031767 | L5: count,initial | M5: false | N5: 17.366035 | O5: a12,a13,a8 | P5: true | Q5: 6.88342 | R5: I cant be sure | S5: true | T5: CPEE | U5: Stakeholders | V5: complex | W5: 48.242242 | Y5: false | Z5: 2.224876 | AB5: false | AC5: 0.568318 | AE5: false | AF5: 1.350975 | AH5: false | AI5: 0.646302 | AK5: false | AL5: Next QR, Order Item, and Tray | AM5: Stakeholders | AN5: complex | AO5: 1.242341 | AS5: =IF(AND(G5="true",J5="true",M5="true",P5="true",S5="true"),"true","false") -> false | AT5: =IF(AND(Y5="true",AB5="true",AE5="true",AH5="true",AK5="true"),"true","false") -> false
A6: 05be43ce-8b5d-4449-a8ed-931e6a4a92fd | B6: BPMN | C6: Next QR, Order Item, and Tray | D6: complex | E6: 48.744582 | F6: count,from,initial,order_id,order_item,order_list,qr,tray_positions,trays | G6: false | H6: 12.39327 | I6: count,order_item | J6: false | K6: 19.793971 | L6: from,initial,order_id,order_list,qr,tray_positions,trays | M6: false | N6: 17.279235 | O6: a12,a13,a8 | P6: true | Q6: 7.003902 | R6: Yes | S6: false | T6: CPEE | U6: Stakeholders | V6: complex | W6: 5.720273 | Y6: false | Z6: 0.646983 | AB6: false | AC6: 0.565398 | AE6: false | AF6: 2.31986 | AH6: false | AI6: 2.420953 | AJ6: Yes | AK6: false | AL6: Next QR, Order Item, and Tray | AM6: Stakeholders | AN6: complex | AO6: 3.294623 | AP6: 1 | AQ6: 0 | AS6: =IF(AND(G6="true",J6="true",M6="true",P6="true",S6="true"),"true","false") -> false | AT6: =IF(AND(Y6="true",AB6="true",AE6="true",AH6="true",AK6="true"),"true","false") -> false
A7: 05ebabd3-9611-42cf-be4a-8a0ea3bf6011 | B7: BPMN | C7: Next QR, Order Item, and Tray | D7: complex | E7: 71.998169 | F7: count,current_tray,from,initial,order_id,order_item,order_list,qr,tray_positions,trays | G7: true | H7: 41.07985 | I7: from,order_id,order_list,qr,tray_positions,trays | J7: false | K7: 35.191469 | L7: count,current_tray,initial,order_item | M7: true | N7: 23.041459 | O7: a12,a13,a8 | P7: true | Q7: 32.16587 | R7: Yes | S7: false | T7: CPEE | U7: Stakeholders | V7: complex | W7: 53.88848 | X7: counter,cur_app,idea_description,stakeholders,stakes,users | Y7: true | Z7: 31.563119 | AA7: counter,cur_app,idea_description,users | AB7: true | AC7: 21.929879 | AD7: counter,stakeholders,stakes,users | AE7: true | AF7: 41.377167 | AG7: a10,a12,a14,a16,a18,a2,a3,a4,a6,a7,a8 | AH7: true | AI7: 49.139776 | AJ7: I cant be sure | AK7: false | AL7: Next QR, Order Item, and Tray | AM7: Stakeholders | AN7: complex | AO7: 7.143852 | AP7: -1 | AQ7: -1 | AS7: =IF(AND(G7="true",J7="true",M7="true",P7="true",S7="true"),"true","false") -> false | AT7: =IF(AND(Y7="true",AB7="true",AE7="true",AH7="true",AK7="true"),"true","false") -> false
